Time [h],Current [A],Voltage [V],Discharge capacity [A.h],X-averaged cell temperature [K],Cycle,Step
0.0,5.0,4.035539062901027,0.0,298.15,0.0,0.0
0.016666666666666666,5.0,3.942953755099255,0.08333333333333334,298.15,0.0,0.0
0.03333333333333333,5.0,3.9316427512213012,0.16666666666666669,298.15,0.0,0.0
0.05,5.0,3.923560417602655,0.25,298.15,0.0,0.0
0.06666666666666667,5.0,3.9114130884214786,0.33333333333333337,298.15,0.0,0.0
0.08333333333333333,5.0,3.895271403686599,0.41666666666666674,298.15,0.0,0.0
0.1,5.0,3.877307106042328,0.5000000000000001,298.15,0.0,0.0
0.11666666666666667,5.0,3.859236055709756,0.5833333333333335,298.15,0.0,0.0
0.13333333333333333,5.0,3.8419891202781837,0.6666666666666669,298.15,0.0,0.0
0.15,5.0,3.8259160630766975,0.7500000000000002,298.15,0.0,0.0
0.16666666666666666,5.0,3.8109871186062843,0.8333333333333336,298.15,0.0,0.0
0.18333333333333332,5.0,3.7968859326698943,0.916666666666667,298.15,0.0,0.0
0.2,5.0,3.7830821287024756,1.0000000000000002,298.15,0.0,0.0
0.21666666666666667,5.0,3.7690957961150997,1.0833333333333335,298.15,0.0,0.0
0.23333333333333334,5.0,3.7546992098081096,1.1666666666666667,298.15,0.0,0.0
0.25,5.0,3.7398113244287705,1.25,298.15,0.0,0.0
0.26666666666666666,5.0,3.724370699411431,1.3333333333333333,298.15,0.0,0.0
0.2833333333333333,5.0,3.7082868645970586,1.4166666666666665,298.15,0.0,0.0
0.3,5.0,3.691435690344938,1.4999999999999998,298.15,0.0,0.0
0.31666666666666665,5.0,3.673691656372671,1.583333333333333,298.15,0.0,0.0
0.3333333333333333,5.0,3.6550362429003727,1.6666666666666663,298.15,0.0,0.0
0.35,5.0,3.635822836522049,1.7499999999999996,298.15,0.0,0.0
0.36666666666666664,5.0,3.616891993034747,1.8333333333333328,298.15,0.0,0.0
0.38333333333333336,5.0,3.5989898826160998,1.916666666666666,298.15,0.0,0.0
0.4,5.0,3.5823722021198097,1.9999999999999993,298.15,0.0,0.0
0.4166666666666667,5.0,3.5670353532644414,2.0833333333333326,298.15,0.0,0.0
0.43333333333333335,5.0,3.5528951691718005,2.166666666666666,298.15,0.0,0.0
0.45,5.0,3.539805820572721,2.2499999999999996,298.15,0.0,0.0
0.4666666666666667,5.0,3.52756004376105,2.333333333333333,298.15,0.0,0.0
0.48333333333333334,5.0,3.515913928280669,2.4166666666666665,298.15,0.0,0.0
0.5,5.0,3.504624665024291,2.5,298.15,0.0,0.0
0.5166666666666667,5.0,3.493481628396265,2.5833333333333335,298.15,0.0,0.0
0.5333333333333333,5.0,3.4823212229246234,2.666666666666667,298.15,0.0,0.0
0.55,5.0,3.4710231046961106,2.7500000000000004,298.15,0.0,0.0
0.5666666666666667,5.0,3.4594989055550913,2.833333333333334,298.15,0.0,0.0
0.5833333333333334,5.0,3.447679316835803,2.9166666666666674,298.15,0.0,0.0
0.6,5.0,3.4355031298700176,3.000000000000001,298.15,0.0,0.0
0.6166666666666667,5.0,3.4229085178145886,3.0833333333333344,298.15,0.0,0.0
0.6333333333333333,5.0,3.409825714881778,3.166666666666668,298.15,0.0,0.0
0.65,5.0,3.3961723916965116,3.2500000000000013,298.15,0.0,0.0
0.6666666666666666,5.0,3.381856533758097,3.333333333333335,298.15,0.0,0.0
0.6833333333333333,5.0,3.3668007403681703,3.4166666666666683,298.15,0.0,0.0
0.7,5.0,3.3510112374026186,3.5000000000000018,298.15,0.0,0.0
0.7166666666666667,5.0,3.3346753672208687,3.5833333333333353,298.15,0.0,0.0
0.7333333333333333,5.0,3.3181507479104213,3.6666666666666687,298.15,0.0,0.0
0.75,5.0,3.301714264323775,3.750000000000002,298.15,0.0,0.0
0.7666666666666667,5.0,3.285269912970006,3.8333333333333357,298.15,0.0,0.0
0.7833333333333333,5.0,3.2683484628148554,3.916666666666669,298.15,0.0,0.0
0.8,5.0,3.250295938287411,4.000000000000003,298.15,0.0,0.0
0.8166666666666667,5.0,3.23028623908538,4.083333333333336,298.15,0.0,0.0
0.8333333333333334,5.0,3.206973001000612,4.166666666666669,298.15,0.0,0.0
0.85,5.0,3.177533907602517,4.250000000000002,298.15,0.0,0.0
0.8666666666666667,5.0,3.136665193602608,4.333333333333335,298.15,0.0,0.0
0.8833333333333333,5.0,3.082751179616578,4.416666666666668,298.15,0.0,0.0
0.9,5.0,3.024475591457046,4.500000000000001,298.15,0.0,0.0
0.9166666666666666,5.0,2.9661542469187605,4.583333333333334,298.15,0.0,0.0
0.9333333333333333,5.0,2.899760797559431,4.666666666666667,298.15,0.0,0.0
0.95,5.0,2.8077839747739834,4.75,298.15,0.0,0.0
0.9666666666666667,5.0,2.6625720712617476,4.833333333333333,298.15,0.0,0.0
0.9787896821789962,5.0,2.5000099999999983,4.893948410894981,298.15,0.0,0.0
0.978789682179274,0.0,2.679688563257492,4.893948410895676,298.15,0.0,1.0
0.9954563488456628,0.0,2.921579224833444,4.893948410895676,298.15,0.0,1.0
1.0121230155123295,0.0,2.9543386448983315,4.893948410895676,298.15,0.0,1.0
1.0287896821789961,0.0,2.966134677032745,4.893948410895676,298.15,0.0,1.0
1.045456348845663,0.0,2.9719387236590635,4.893948410895676,298.15,0.0,1.0
1.0621230155123296,0.0,2.975522375405406,4.893948410895676,298.15,0.0,1.0
1.0787896821789962,0.0,2.978070540414417,4.893948410895676,298.15,0.0,1.0
1.0954563488456628,0.0,2.9800247682964303,4.893948410895676,298.15,0.0,1.0
1.1121230155123296,0.0,2.9815816530282517,4.893948410895676,298.15,0.0,1.0
1.1287896821789962,0.0,2.9828466741508604,4.893948410895676,298.15,0.0,1.0
1.1454563488456628,0.0,2.983886493712912,4.893948410895676,298.15,0.0,1.0
1.1621230155123294,0.0,2.984745721580321,4.893948410895676,298.15,0.0,1.0
1.178789682178996,0.0,2.9854577331693215,4.893948410895676,298.15,0.0,1.0
1.1954563488456627,0.0,2.986050779484364,4.893948410895676,298.15,0.0,1.0
1.2121230155123295,0.0,2.986545655435415,4.893948410895676,298.15,0.0,1.0
1.228789682178996,0.0,2.9869587071875277,4.893948410895676,298.15,0.0,1.0
1.2454563488456627,0.0,2.9873041415647865,4.893948410895676,298.15,0.0,1.0
1.2621230155123293,0.0,2.987593335242073,4.893948410895676,298.15,0.0,1.0
1.2787896821789961,0.0,2.987835474880521,4.893948410895676,298.15,0.0,1.0
1.2954563488456627,0.0,2.988038459720334,4.893948410895676,298.15,0.0,1.0
1.3121230155123293,0.0,2.9882086385062774,4.893948410895676,298.15,0.0,1.0
1.3287896821789962,0.0,2.9883517158061217,4.893948410895676,298.15,0.0,1.0
1.3454563488456628,0.0,2.9884717777682916,4.893948410895676,298.15,0.0,1.0
1.3621230155123294,0.0,2.9885724674175367,4.893948410895676,298.15,0.0,1.0
1.378789682178996,0.0,2.988656733540158,4.893948410895676,298.15,0.0,1.0
1.3954563488456628,0.0,2.9887273737493154,4.893948410895676,298.15,0.0,1.0
1.4121230155123294,0.0,2.9887867965585806,4.893948410895676,298.15,0.0,1.0
1.428789682178996,0.0,2.9888368578530233,4.893948410895676,298.15,0.0,1.0
1.4454563488456627,0.0,2.988878993058879,4.893948410895676,298.15,0.0,1.0
1.4621230155123295,0.0,2.988914385450943,4.893948410895676,298.15,0.0,1.0
1.478789682178996,0.0,2.9889440784964454,4.893948410895676,298.15,0.0,1.0
1.4954563488456627,0.0,2.9889690327950094,4.893948410895676,298.15,0.0,1.0
1.5121230155123293,0.0,2.9889900624633365,4.893948410895676,298.15,0.0,1.0
1.5287896821789961,0.0,2.9890077978985365,4.893948410895676,298.15,0.0,1.0
1.5454563488456627,0.0,2.989022725225312,4.893948410895676,298.15,0.0,1.0
1.5621230155123293,0.0,2.9890352865009193,4.893948410895676,298.15,0.0,1.0
1.5787896821789962,0.0,2.989045873865342,4.893948410895676,298.15,0.0,1.0
1.5954563488456628,0.0,2.989054794001663,4.893948410895676,298.15,0.0,1.0
1.6121230155123294,0.0,2.9890623084463503,4.893948410895676,298.15,0.0,1.0
1.628789682178996,0.0,2.9890686615978095,4.893948410895676,298.15,0.0,1.0
1.6454563488456628,0.0,2.9890740375265668,4.893948410895676,298.15,0.0,1.0
1.6621230155123294,0.0,2.989078559803746,4.893948410895676,298.15,0.0,1.0
1.678789682178996,0.0,2.9890823723519997,4.893948410895676,298.15,0.0,1.0
1.6954563488456627,0.0,2.9890856409254036,4.893948410895676,298.15,0.0,1.0
1.7121230155123295,0.0,2.989088357076424,4.893948410895676,298.15,0.0,1.0
1.728789682178996,0.0,2.9890906392482868,4.893948410895676,298.15,0.0,1.0
1.7454563488456627,0.0,2.989092506972965,4.893948410895676,298.15,0.0,1.0
1.7621230155123293,0.0,2.989094075534315,4.893948410895676,298.15,0.0,1.0
1.7787896821789961,0.0,2.9890953706950043,4.893948410895676,298.15,0.0,1.0
1.7954563488456627,0.0,2.989096415579603,4.893948410895676,298.15,0.0,1.0
1.8121230155123293,0.0,2.989097282160697,4.893948410895676,298.15,0.0,1.0
1.828789682178996,0.0,2.9890979570951637,4.893948410895676,298.15,0.0,1.0
1.8454563488456628,0.0,2.989098482785696,4.893948410895676,298.15,0.0,1.0
1.8621230155123294,0.0,2.9890988744664106,4.893948410895676,298.15,0.0,1.0
1.878789682178996,0.0,2.989099154292292,4.893948410895676,298.15,0.0,1.0
1.8954563488456628,0.0,2.9890993448417698,4.893948410895676,298.15,0.0,1.0
1.9121230155123294,0.0,2.9890994682445347,4.893948410895676,298.15,0.0,1.0
1.928789682178996,0.0,2.989099546743123,4.893948410895676,298.15,0.0,1.0
1.9454563488456627,0.0,2.9890995621329988,4.893948410895676,298.15,0.0,1.0
1.9621230155123295,0.0,2.9890995359312993,4.893948410895676,298.15,0.0,1.0
1.978789682178996,0.0,2.9890994841668546,4.893948410895676,298.15,0.0,1.0
1.9787896821792739,-5.0,3.156745015329295,4.893948410894981,298.15,0.0,2.0
1.9954563488456627,-5.0,3.3841202931934697,4.810615077563037,298.15,0.0,2.0
2.0121230155123295,-5.0,3.45775221079958,4.727281744229704,298.15,0.0,2.0
2.028789682178996,-5.0,3.5181907331263567,4.643948410896371,298.15,0.0,2.0
2.0454563488456627,-5.0,3.574781855862575,4.560615077563038,298.15,0.0,2.0
2.0621230155123293,-5.0,3.6215081484698572,4.477281744229705,298.15,0.0,2.0
2.078789682178996,-5.0,3.654275413866888,4.393948410896372,298.15,0.0,2.0
2.0954563488456626,-5.0,3.676331654602378,4.310615077563039,298.15,0.0,2.0
2.1121230155123296,-5.0,3.693031631026553,4.227281744229706,298.15,0.0,2.0
2.1287896821789962,-5.0,3.7079497276232924,4.143948410896373,298.15,0.0,2.0
2.145456348845663,-5.0,3.722777622663169,4.06061507756304,298.15,0.0,2.0
2.1621230155123294,-5.0,3.738169484547025,3.9772817442297064,298.15,0.0,2.0
2.178789682178996,-5.0,3.754317973991801,3.893948410896373,298.15,0.0,2.0
2.1954563488456627,-5.0,3.77120975888099,3.8106150775630394,298.15,0.0,2.0
2.2121230155123293,-5.0,3.7887108255256434,3.727281744229706,298.15,0.0,2.0
2.228789682178996,-5.0,3.806601652108508,3.6439484108963724,298.15,0.0,2.0
2.245456348845663,-5.0,3.824635351630256,3.560615077563039,298.15,0.0,2.0
2.2621230155123295,-5.0,3.8426292977377843,3.4772817442297055,298.15,0.0,2.0
2.278789682178996,-5.0,3.8605276206330377,3.393948410896372,298.15,0.0,2.0
2.2954563488456627,-5.0,3.878369686633922,3.3106150775630385,298.15,0.0,2.0
2.3121230155123293,-5.0,3.896182922867817,3.227281744229705,298.15,0.0,2.0
2.328789682178996,-5.0,3.9138836034076414,3.1439484108963716,298.15,0.0,2.0
2.3454563488456626,-5.0,3.9312554051159405,3.060615077563038,298.15,0.0,2.0
2.3621230155123296,-5.0,3.9480181987921026,2.9772817442297046,298.15,0.0,2.0
2.3787896821789962,-5.0,3.9639461098263045,2.893948410896371,298.15,0.0,2.0
2.395456348845663,-5.0,3.979002652821362,2.8106150775630376,298.15,0.0,2.0
2.4121230155123294,-5.0,3.9934372950569244,2.727281744229704,298.15,0.0,2.0
2.428789682178996,-5.0,4.007610914102492,2.6439484108963707,298.15,0.0,2.0
2.4454563488456627,-5.0,4.021672186561345,2.560615077563037,298.15,0.0,2.0
2.4621230155123293,-5.0,4.035661257458258,2.4772817442297037,298.15,0.0,2.0
2.478789682178996,-5.0,4.04963972724847,2.3939484108963702,298.15,0.0,2.0
2.495456348845663,-5.0,4.063718046821962,2.3106150775630367,298.15,0.0,2.0
2.5121230155123295,-5.0,4.07804354346058,2.2272817442297033,298.15,0.0,2.0
2.528789682178996,-5.0,4.09277521994184,2.14394841089637,298.15,0.0,2.0
2.5454563488456627,-5.0,4.108060363483581,2.0606150775630363,298.15,0.0,2.0
2.5621230155123293,-5.0,4.124010616580555,1.977281744229703,298.15,0.0,2.0
2.578789682178996,-5.0,4.140671608948555,1.8939484108963698,298.15,0.0,2.0
2.5954563488456626,-5.0,4.157981245747675,1.8106150775630365,298.15,0.0,2.0
2.6121230155123296,-5.0,4.175718229114004,1.7272817442297033,298.15,0.0,2.0
2.6287896821789962,-5.0,4.1934440923101475,1.64394841089637,298.15,0.0,2.0
2.6350724727724844,-5.0,4.199990000000001,1.6125344579289278,298.15,0.0,2.0
2.6350724727727624,-5.000490777041947,4.2,1.6125344579275382,298.15,0.0,3.0
2.651739139439151,-4.529941588336335,4.2,1.5331141882173769,298.15,0.0,3.0
2.668405806105818,-4.211464768752497,4.200000000000002,1.4602691352416366,298.15,0.0,3.0
2.6850724727724846,-3.9404560930514743,4.200000000000002,1.3923364613932703,298.15,0.0,3.0
2.7017391394391512,-3.7030951600419595,4.200000000000002,1.328640200950825,298.15,0.0,3.0
2.718405806105818,-3.494049859749713,4.2000000000000055,1.268663992452561,298.15,0.0,3.0
2.7350724727724844,-3.311712837351787,4.200000000000002,1.2119493033100484,298.15,0.0,3.0
2.751739139439151,-3.155223276254554,4.199999999999998,1.1580581690299956,298.15,0.0,3.0
2.7684058061058177,-3.02267484931044,4.200000000000001,1.1065756846502872,298.15,0.0,3.0
2.7850724727724847,-2.9110628394496434,4.199999999999999,1.0571278705772866,298.15,0.0,3.0
2.8017391394391513,-2.8167839644652197,4.2,1.0093958138779962,298.15,0.0,3.0
2.818405806105818,-2.7360048802704884,4.199999999999999,0.9631225735051986,298.15,0.0,3.0
2.8350724727724845,-2.665006351633217,4.2,0.9181141465726677,298.15,0.0,3.0
2.851739139439151,-2.6006122589311245,4.2,0.8742339914846314,298.15,0.0,3.0
2.8684058061058177,-2.5403288974354075,4.199999999999999,0.831392815181577,298.15,0.0,3.0
2.8850724727724844,-2.482084018134113,4.199999999999999,0.7895393742184977,298.15,0.0,3.0
2.901739139439151,-2.4239069294808075,4.199999999999996,0.7486561163217067,298.15,0.0,3.0
2.918405806105818,-2.3637769736058916,4.1999999999999975,0.7087587504626509,298.15,0.0,3.0
2.9350724727724846,-2.299776540880736,4.199999999999999,0.6698958045085956,298.15,0.0,3.0
2.9517391394391512,-2.230516561273021,4.2,0.6321433619906477,298.15,0.0,3.0
2.968405806105818,-2.1555585458900133,4.200000000000001,0.5955927360976224,298.15,0.0,3.0
2.9850724727724844,-2.075476369130599,4.2,0.560334111805784,298.15,0.0,3.0
3.001739139439151,-1.9915709087575582,4.200000000000001,0.5264420511567159,298.15,0.0,3.0
3.0184058061058177,-1.9054283694536616,4.199999999999999,0.4939670571716224,298.15,0.0,3.0
3.0350724727724847,-1.8186013323260704,4.199999999999999,0.462933476323458,298.15,0.0,3.0
3.0517391394391513,-1.7324225922192045,4.2,0.4333416102855807,298.15,0.0,3.0
3.068405806105818,-1.6479282307117515,4.199999999999999,0.4051720200944894,298.15,0.0,3.0
3.0850724727724845,-1.565867363528144,4.2,0.37839039014249026,298.15,0.0,3.0
3.101739139439151,-1.4867450601686925,4.200000000000001,0.35295195327834994,298.15,0.0,3.0
3.1184058061058177,-1.410861494148694,4.2,0.3288052319923717,298.15,0.0,3.0
3.1350724727724844,-1.3383980955627233,4.199999999999999,0.30589473541144324,298.15,0.0,3.0
3.151739139439151,-1.269395757840479,4.200000000000001,0.2841631199664166,298.15,0.0,3.0
3.168405806105818,-1.2038196887299408,4.2,0.2635529912449964,298.15,0.0,3.0
3.1850724727724846,-1.1415946678333788,4.199999999999998,0.24400787160696877,298.15,0.0,3.0
3.2017391394391512,-1.0826117195961689,4.199999999999999,0.2254728183783892,298.15,0.0,3.0
3.218405806105818,-1.0267394685581694,4.2,0.20789489181043638,298.15,0.0,3.0
3.2350724727724844,-0.9738354156997782,4.200000000000001,0.19122343444162015,298.15,0.0,3.0
3.251739139439151,-0.9237546032015699,4.2,0.17541018428410893,298.15,0.0,3.0
3.2684058061058177,-0.8763539446072324,4.200000000000001,0.16040927971903557,298.15,0.0,3.0
3.2850724727724847,-0.8314861682756668,4.199999999999998,0.14617727877834474,298.15,0.0,3.0
3.3017391394391513,-0.7890133128385103,4.2,0.1326731164357266,298.15,0.0,3.0
3.318405806105818,-0.7488035242048237,4.200000000000001,0.11985797612703215,298.15,0.0,3.0
3.3350724727724845,-0.7107289888076246,4.199999999999999,0.10769520518526175,298.15,0.0,3.0
3.351739139439151,-0.6746747169117948,4.199999999999999,0.09615017430426659,298.15,0.0,3.0
3.3684058061058177,-0.6405218529879059,4.199999999999999,0.08519020288843575,298.15,0.0,3.0
3.3850724727724844,-0.6081682893799691,4.1999999999999975,0.07478445170203679,298.15,0.0,3.0
3.401739139439151,-0.5775053785271638,4.2,0.06490383780281068,298.15,0.0,3.0
3.418405806105818,-0.5484466669827632,4.2,0.05552090409022796,298.15,0.0,3.0
3.4350724727724846,-0.5209043191355914,4.2,0.046609645872575,298.15,0.0,3.0
3.4517391394391512,-0.4947835460695344,4.200000000000001,0.03814558032919896,298.15,0.0,3.0
3.468405806105818,-0.47001350730159797,4.2,0.03010560488443952,298.15,0.0,3.0
3.4850724727724844,-0.4465149827655959,4.200000000000001,0.022467867467212903,298.15,0.0,3.0
3.501739139439151,-0.4242233147009461,4.199999999999999,0.015211714988325051,298.15,0.0,3.0
3.5184058061058177,-0.4030752416758625,4.2,0.008317560351851647,298.15,0.0,3.0
3.5350724727724847,-0.3830132527294872,4.2,0.0017668228984737315,298.15,0.0,3.0
3.5517391394391513,-0.3639758455363674,4.199999999999998,-0.004458086253741725,298.15,0.0,3.0
3.568405806105818,-0.3459056688972187,4.200000000000001,-0.010373765540688275,298.15,0.0,3.0
3.5850724727724845,-0.3287493409150667,4.2,-0.01599589062245732,298.15,0.0,3.0
3.601739139439151,-0.3124593767370718,4.199999999999999,-0.021339296602891807,298.15,0.0,3.0
3.6184058061058177,-0.29699169771052225,4.200000000000005,-0.02641805555662176,298.15,0.0,3.0
3.6350724727724844,-0.2823022105116238,4.199999999999999,-0.03124550479180631,298.15,0.0,3.0
3.651739139439151,-0.26835456467577323,4.200000000000008,-0.035834311251701285,298.15,0.0,3.0
3.668405806105818,-0.25510125838246456,4.199999999999989,-0.04019644311051993,298.15,0.0,3.0
3.6850724727724846,-0.24251865072770304,4.200000000000007,-0.044343275686438,298.15,0.0,3.0
3.7017391394391512,-0.2305628071562318,4.200000000000018,-0.048285621168804124,298.15,0.0,3.0
3.718405806105818,-0.21919703937055646,4.199999999999994,-0.052033619889860695,298.15,0.0,3.0
3.7350724727724844,-0.2084039282492361,4.2,-0.0555969612866923,298.15,0.0,3.0
3.751739139439151,-0.19814655119466623,4.200000000000001,-0.058984881948724824,298.15,0.0,3.0
3.7684058061058177,-0.18839864446689436,4.199999999999999,-0.06220609191257116,298.15,0.0,3.0
3.7850724727724847,-0.17913511773220503,4.1999999999999975,-0.06526887326423032,298.15,0.0,3.0
3.8017391394391513,-0.17033140139119562,4.2,-0.06818109425692533,298.15,0.0,3.0
3.818405806105818,-0.16196410676034134,4.200000000000001,-0.07095022349152147,298.15,0.0,3.0
3.8350724727724845,-0.15400980420510563,4.2,-0.07358333941623353,298.15,0.0,3.0
3.851739139439151,-0.14644915309886805,4.2,-0.07608716406043331,298.15,0.0,3.0
3.8684058061058177,-0.13926118211609395,4.2,-0.078468083520558,298.15,0.0,3.0
3.8850724727724844,-0.13242763512759823,4.199999999999999,-0.08073215699758876,298.15,0.0,3.0
3.901739139439151,-0.12593071964434027,4.2,-0.08288514328735491,298.15,0.0,3.0
3.918405806105818,-0.11975305370095637,4.199999999999999,-0.08493250806523238,298.15,0.0,3.0
3.9350724727724846,-0.11387963096577947,4.199999999999999,-0.08687944710412185,298.15,0.0,3.0
3.9517391394391512,-0.1082940200395196,4.2,-0.08873089419583267,298.15,0.0,3.0
3.968405806105818,-0.1029825244059243,4.200000000000001,-0.09049153206621137,298.15,0.0,3.0
3.9850724727724844,-0.09793108286408689,4.2,-0.0921658121267948,298.15,0.0,3.0
4.0017391394391515,-0.09312667750467021,4.2,-0.09375796012986777,298.15,0.0,3.0
4.018405806105818,-0.08855726721439831,4.199999999999999,-0.09527199300252667,298.15,0.0,3.0
4.035072472772485,-0.08421146051535695,4.199999999999999,-0.09671173240027463,298.15,0.0,3.0
4.051739139439151,-0.08007864999324925,4.199999999999998,-0.09808081665451301,298.15,0.0,3.0
4.068405806105818,-0.07614790845978837,4.199999999999998,-0.09938270464162166,298.15,0.0,3.0
4.0850724727724845,-0.07240937674824482,4.199999999999999,-0.10062068201835526,298.15,0.0,3.0
4.101739139439151,-0.06885423595666575,4.1999999999999975,-0.10179787879089619,298.15,0.0,3.0
4.118405806105818,-0.06547323175785985,4.199999999999999,-0.1029172743551839,298.15,0.0,3.0
4.135072472772484,-0.062257590228672416,4.199999999999999,-0.10398169787173833,298.15,0.0,3.0
4.151739139439151,-0.05919975638880663,4.199999999999999,-0.10499384242688399,298.15,0.0,3.0
4.168405806105818,-0.056291542935749755,4.199999999999999,-0.1059562699212553,298.15,0.0,3.0
4.185072472772484,-0.05352451340607492,4.2,-0.10687140372410384,298.15,0.0,3.0
4.201739139439151,-0.05089187104479925,4.200000000000001,-0.10774154026119445,298.15,0.0,3.0
4.218405806105818,-0.04838705650066306,4.200000000000002,-0.10856886465740664,298.15,0.0,3.0
4.235072472772485,-0.046004635389372425,4.200000000000001,-0.10935546208982361,298.15,0.0,3.0
4.2517391394391515,-0.04373861708634659,4.200000000000002,-0.11010332252712127,298.15,0.0,3.0
4.268405806105818,-0.04158344864897142,4.199999999999999,-0.11081433974158225,298.15,0.0,3.0
4.285072472772485,-0.0395324296079893,4.2,-0.1114903053937236,298.15,0.0,3.0
4.301739139439151,-0.037580959449678306,4.199999999999999,-0.11213291696920416,298.15,0.0,3.0
4.318405806105818,-0.03572416847475804,4.2,-0.11274379303524112,298.15,0.0,3.0
4.3350724727724845,-0.03395798124370435,4.2,-0.11332447761622831,298.15,0.0,3.0
4.351739139439151,-0.032278121669520314,4.199999999999998,-0.11387644514050518,298.15,0.0,3.0
4.368405806105818,-0.030680807911826497,4.1999999999999975,-0.11440110288701641,298.15,0.0,3.0
4.385072472772484,-0.029160531486466086,4.1999999999999975,-0.11489978071533552,298.15,0.0,3.0
4.401739139439151,-0.02771396390522158,4.199999999999999,-0.11537373484359958,298.15,0.0,3.0
4.418405806105818,-0.0263373266303098,4.200000000000002,-0.11582416226472901,298.15,0.0,3.0
4.435072472772484,-0.025028490489902903,4.200000000000003,-0.11625221074073078,298.15,0.0,3.0
4.451739139439151,-0.023784518843676918,4.200000000000001,-0.11665898581851061,298.15,0.0,3.0
4.468405806105818,-0.022602862124286912,4.199999999999994,-0.11704554732657697,298.15,0.0,3.0
4.485072472772485,-0.021478236713866183,4.199999999999989,-0.11741288981689492,298.15,0.0,3.0
4.5017391394391515,-0.02040674196355721,4.1999999999999895,-0.11776193130587345,298.15,0.0,3.0
4.518405806105818,-0.0193852860943573,4.199999999999993,-0.1180935315396894,298.15,0.0,3.0
4.535072472772485,-0.01841345806096222,4.199999999999999,-0.11840852107431707,298.15,0.0,3.0
4.551739139439151,-0.017490024822350972,4.200000000000002,-0.11870771676501135,298.15,0.0,3.0
4.568405806105818,-0.016611373779762954,4.200000000000003,-0.11899189508669564,298.15,0.0,3.0
4.585072472772485,-0.015775743251510686,4.200000000000003,-0.11926178772862292,298.15,0.0,3.0
4.601739139439152,-0.014981579083458664,4.200000000000003,-0.119518098748081,298.15,0.0,3.0
4.618405806105819,-0.014226364341892662,4.2,-0.11976149827662559,298.15,0.0,3.0
4.635072472772485,-0.013507752293073223,4.199999999999999,-0.1199926159152503,298.15,0.0,3.0
4.651739139439152,-0.012823492741416575,4.2,-0.12021204295720439,298.15,0.0,3.0
4.6684058061058185,-0.012171440094037499,4.200000000000002,-0.12042033406416651,298.15,0.0,3.0
4.685072472772485,-0.011552269752942643,4.200000000000002,-0.12061803164622467,298.15,0.0,3.0
4.701739139439152,-0.010964067229946738,4.2,-0.12080566778774875,298.15,0.0,3.0
4.718405806105818,-0.010405090175723013,4.199999999999995,-0.12098374409946266,298.15,0.0,3.0
4.730703114174914,-0.01001,4.200000000000001,-0.12110926942603728,298.15,0.0,3.0
4.730703114175192,0.0,4.199466382088989,-0.12110926942603867,298.15,0.0,4.0
4.747369780841581,0.0,4.199191741105428,-0.12110926942603867,298.15,0.0,4.0
4.764036447508247,0.0,4.199103720916286,-0.12110926942603867,298.15,0.0,4.0
4.780703114174914,0.0,4.199050200186683,-0.12110926942603867,298.15,0.0,4.0
4.7973697808415805,0.0,4.19901266302496,-0.12110926942603867,298.15,0.0,4.0
4.814036447508247,0.0,4.198984635102249,-0.12110926942603867,298.15,0.0,4.0
4.830703114174914,0.0,4.198963130393863,-0.12110926942603867,298.15,0.0,4.0
4.847369780841581,0.0,4.198946224843122,-0.12110926942603867,298.15,0.0,4.0
4.864036447508248,0.0,4.198932716919822,-0.12110926942603867,298.15,0.0,4.0
4.880703114174914,0.0,4.198922002460176,-0.12110926942603867,298.15,0.0,4.0
4.897369780841581,0.0,4.198913689888116,-0.12110926942603867,298.15,0.0,4.0
4.914036447508248,0.0,4.1989073809598025,-0.12110926942603867,298.15,0.0,4.0
4.930703114174914,0.0,4.198902709679586,-0.12110926942603867,298.15,0.0,4.0
4.947369780841581,0.0,4.1988993187031145,-0.12110926942603867,298.15,0.0,4.0
4.9640364475082475,0.0,4.198897045361814,-0.12110926942603867,298.15,0.0,4.0
4.980703114174914,0.0,4.198895570093967,-0.12110926942603867,298.15,0.0,4.0
4.997369780841581,0.0,4.198894850961908,-0.12110926942603867,298.15,0.0,4.0
5.014036447508247,0.0,4.198894684803117,-0.12110926942603867,298.15,0.0,4.0
5.030703114174914,0.0,4.198895003594649,-0.12110926942603867,298.15,0.0,4.0
5.0473697808415805,0.0,4.198895742040762,-0.12110926942603867,298.15,0.0,4.0
5.064036447508247,0.0,4.198896807352183,-0.12110926942603867,298.15,0.0,4.0
5.080703114174914,0.0,4.198898179143571,-0.12110926942603867,298.15,0.0,4.0
5.097369780841581,0.0,4.198899774359112,-0.12110926942603867,298.15,0.0,4.0
5.114036447508248,0.0,4.198901563437007,-0.12110926942603867,298.15,0.0,4.0
5.130703114174914,0.0,4.198903500513647,-0.12110926942603867,298.15,0.0,4.0
5.147369780841581,0.0,4.198905553158246,-0.12110926942603867,298.15,0.0,4.0
5.164036447508248,0.0,4.1989076957873595,-0.12110926942603867,298.15,0.0,4.0
5.180703114174914,0.0,4.198910000929964,-0.12110926942603867,298.15,0.0,4.0
5.197369780841581,0.0,4.198912415695051,-0.12110926942603867,298.15,0.0,4.0
5.2140364475082475,0.0,4.198914914721615,-0.12110926942603867,298.15,0.0,4.0
5.230703114174914,0.0,4.1989174816882056,-0.12110926942603867,298.15,0.0,4.0
5.247369780841581,0.0,4.198920098497162,-0.12110926942603867,298.15,0.0,4.0
5.264036447508247,0.0,4.198922746867092,-0.12110926942603867,298.15,0.0,4.0
5.280703114174914,0.0,4.198925411345464,-0.12110926942603867,298.15,0.0,4.0
5.2973697808415805,0.0,4.1989280751238125,-0.12110926942603867,298.15,0.0,4.0
5.314036447508247,0.0,4.198930726336749,-0.12110926942603867,298.15,0.0,4.0
5.330703114174914,0.0,4.19893342826017,-0.12110926942603867,298.15,0.0,4.0
5.347369780841581,0.0,4.19893613257339,-0.12110926942603867,298.15,0.0,4.0
5.364036447508248,0.0,4.198938832230269,-0.12110926942603867,298.15,0.0,4.0
5.380703114174914,0.0,4.198941520184661,-0.12110926942603867,298.15,0.0,4.0
5.397369780841581,0.0,4.198944189390425,-0.12110926942603867,298.15,0.0,4.0
5.414036447508248,0.0,4.198946832801418,-0.12110926942603867,298.15,0.0,4.0
5.430703114174914,0.0,4.198949480462038,-0.12110926942603867,298.15,0.0,4.0
5.447369780841581,0.0,4.198952121681043,-0.12110926942603867,298.15,0.0,4.0
5.4640364475082475,0.0,4.198954743230167,-0.12110926942603867,298.15,0.0,4.0
5.480703114174914,0.0,4.198957341730145,-0.12110926942603867,298.15,0.0,4.0
5.497369780841581,0.0,4.1989599138017155,-0.12110926942603867,298.15,0.0,4.0
5.514036447508247,0.0,4.198962456065614,-0.12110926942603867,298.15,0.0,4.0
5.530703114174914,0.0,4.198964983183527,-0.12110926942603867,298.15,0.0,4.0
5.5473697808415805,0.0,4.198967513342068,-0.12110926942603867,298.15,0.0,4.0
5.564036447508247,0.0,4.19897002631246,-0.12110926942603867,298.15,0.0,4.0
5.580703114174914,0.0,4.198972521653013,-0.12110926942603867,298.15,0.0,4.0
5.597369780841581,0.0,4.198974998922041,-0.12110926942603867,298.15,0.0,4.0
5.614036447508248,0.0,4.198977457677855,-0.12110926942603867,298.15,0.0,4.0
5.630703114174914,0.0,4.198979898368493,-0.12110926942603867,298.15,0.0,4.0
5.647369780841581,0.0,4.198982331543115,-0.12110926942603867,298.15,0.0,4.0
5.664036447508248,0.0,4.1989847503574635,-0.12110926942603867,298.15,0.0,4.0
5.680703114174914,0.0,4.198987155108358,-0.12110926942603867,298.15,0.0,4.0
5.697369780841581,0.0,4.198989546092617,-0.12110926942603867,298.15,0.0,4.0
5.7140364475082475,0.0,4.198991923607063,-0.12110926942603867,298.15,0.0,4.0
5.730703114174914,0.0,4.198994287948516,-0.12110926942603867,298.15,0.0,4.0
5.730703114175192,5.0,4.0196155016512245,-0.12110926942534392,298.15,1.0,0.0
5.747369780841581,5.0,3.9138270673767943,-0.03777593609340009,298.15,1.0,0.0
5.764036447508247,5.0,3.899983444717179,0.04555739723993325,298.15,1.0,0.0
5.780703114174914,5.0,3.8936627799282832,0.1288907305732666,298.15,1.0,0.0
5.7973697808415805,5.0,3.884608281229818,0.21222406390659995,298.15,1.0,0.0
5.814036447508247,5.0,3.871040220419974,0.2955573972399333,298.15,1.0,0.0
5.830703114174914,5.0,3.8545562246498006,0.3788907305732666,298.15,1.0,0.0
5.847369780841581,5.0,3.8370797896934516,0.4622240639066,298.15,1.0,0.0
5.864036447508248,5.0,3.8198522624431095,0.5455573972399334,298.15,1.0,0.0
5.880703114174914,5.0,3.8034526876622614,0.6288907305732667,298.15,1.0,0.0
5.897369780841581,5.0,3.7879816738785936,0.7122240639066001,298.15,1.0,0.0
5.914036447508248,5.0,3.7732416338988903,0.7955573972399335,298.15,1.0,0.0
5.930703114174914,5.0,3.758900809125074,0.8788907305732668,298.15,1.0,0.0
5.947369780841581,5.0,3.7446564267100166,0.9622240639066002,298.15,1.0,0.0
5.9640364475082475,5.0,3.7303294395355215,1.0455573972399335,298.15,1.0,0.0
5.980703114174914,5.0,3.715836615853894,1.1288907305732667,298.15,1.0,0.0
5.997369780841581,5.0,3.701105701621922,1.2122240639066,298.15,1.0,0.0
6.014036447508247,5.0,3.686006626797187,1.2955573972399332,298.15,1.0,0.0
6.030703114174914,5.0,3.6703196269247043,1.3788907305732665,298.15,1.0,0.0
6.0473697808415805,5.0,3.6537315248971702,1.4622240639065998,298.15,1.0,0.0
6.064036447508247,5.0,3.6358894598367297,1.545557397239933,298.15,1.0,0.0
6.080703114174914,5.0,3.6169063254485723,1.6288907305732663,298.15,1.0,0.0
6.097369780841581,5.0,3.5979949767257424,1.7122240639065995,298.15,1.0,0.0
6.114036447508248,5.0,3.5801731067099745,1.7955573972399328,298.15,1.0,0.0
6.130703114174914,5.0,3.5635621134569404,1.878890730573266,298.15,1.0,0.0
6.147369780841581,5.0,3.548065127619151,1.9622240639065993,298.15,1.0,0.0
6.164036447508248,5.0,3.533656087686774,2.0455573972399326,298.15,1.0,0.0
6.180703114174914,5.0,3.5203199343768423,2.128890730573266,298.15,1.0,0.0
6.197369780841581,5.0,3.5079796909568906,2.2122240639065995,298.15,1.0,0.0
6.2140364475082475,5.0,3.496487490343563,2.295557397239933,298.15,1.0,0.0
6.230703114174914,5.0,3.4856487910746563,2.3788907305732665,298.15,1.0,0.0
6.247369780841581,5.0,3.4752465782263586,2.4622240639066,298.15,1.0,0.0
6.264036447508247,5.0,3.4650529821903864,2.5455573972399335,298.15,1.0,0.0
6.280703114174914,5.0,3.4548263699765114,2.628890730573267,298.15,1.0,0.0
6.2973697808415805,5.0,3.4442992861988473,2.7122240639066004,298.15,1.0,0.0
6.314036447508247,5.0,3.433164856474843,2.795557397239934,298.15,1.0,0.0
6.330703114174914,5.0,3.4210752545753533,2.8788907305732674,298.15,1.0,0.0
6.347369780841581,5.0,3.407676302698821,2.962224063906601,298.15,1.0,0.0
6.364036447508248,5.0,3.3927007409909744,3.0455573972399343,298.15,1.0,0.0
6.380703114174914,5.0,3.3761190295423433,3.128890730573268,298.15,1.0,0.0
6.397369780841581,5.0,3.358263730357959,3.2122240639066013,298.15,1.0,0.0
6.414036447508248,5.0,3.33981679989318,3.295557397239935,298.15,1.0,0.0
6.430703114174914,5.0,3.3216086828988,3.3788907305732683,298.15,1.0,0.0
6.447369780841581,5.0,3.304320043504262,3.4622240639066018,298.15,1.0,0.0
6.4640364475082475,5.0,3.288249100039608,3.5455573972399352,298.15,1.0,0.0
6.480703114174914,5.0,3.2732138028192286,3.6288907305732687,298.15,1.0,0.0
6.497369780841581,5.0,3.258499747417473,3.712224063906602,298.15,1.0,0.0
6.514036447508247,5.0,3.2427394971246684,3.7955573972399357,298.15,1.0,0.0
6.530703114174914,5.0,3.223754963124947,3.878890730573269,298.15,1.0,0.0
6.5473697808415805,5.0,3.1985319023646515,3.9622240639066026,298.15,1.0,0.0
6.564036447508247,5.0,3.1632588414054563,4.045557397239936,298.15,1.0,0.0
6.580703114174914,5.0,3.1150031505484788,4.128890730573269,298.15,1.0,0.0
6.597369780841581,5.0,3.057466934791818,4.212224063906602,298.15,1.0,0.0
6.614036447508248,5.0,2.9989354521517972,4.295557397239935,298.15,1.0,0.0
6.630703114174914,5.0,2.939321186365512,4.378890730573268,298.15,1.0,0.0
6.647369780841581,5.0,2.867101186301116,4.462224063906601,298.15,1.0,0.0
6.664036447508248,5.0,2.7620396013326967,4.545557397239934,298.15,1.0,0.0
6.680703114174914,5.0,2.5924442631241047,4.628890730573267,298.15,1.0,0.0
6.687167574711653,5.0,2.5000099999999974,4.661213033256961,298.15,1.0,0.0
6.687167574711931,0.0,2.7031037330088457,4.661213033257655,298.15,1.0,1.0
6.70383424137832,0.0,2.9416718113590568,4.661213033257655,298.15,1.0,1.0
6.720500908044986,0.0,2.97406218977811,4.661213033257655,298.15,1.0,1.0
6.737167574711653,0.0,2.9857347396758405,4.661213033257655,298.15,1.0,1.0
6.7538342413783194,0.0,2.991487972468077,4.661213033257655,298.15,1.0,1.0
6.770500908044986,0.0,2.9950492963798525,4.661213033257655,298.15,1.0,1.0
6.787167574711653,0.0,2.9975853932579533,4.661213033257655,298.15,1.0,1.0
6.803834241378319,0.0,2.9995318380365554,4.661213033257655,298.15,1.0,1.0
6.820500908044986,0.0,3.0010832382832486,4.661213033257655,298.15,1.0,1.0
6.8371675747116525,0.0,3.002344457645402,4.661213033257655,298.15,1.0,1.0
6.85383424137832,0.0,3.003381021999653,4.661213033257655,298.15,1.0,1.0
6.870500908044987,0.0,3.004238424027528,4.661213033257655,298.15,1.0,1.0
6.887167574711653,0.0,3.004950264703879,4.661213033257655,298.15,1.0,1.0
6.90383424137832,0.0,3.0055426848567457,4.661213033257655,298.15,1.0,1.0
6.920500908044986,0.0,3.006036827662981,4.661213033257655,298.15,1.0,1.0
6.937167574711653,0.0,3.0064496785069568,4.661213033257655,298.15,1.0,1.0
6.95383424137832,0.0,3.0067949759560224,4.661213033257655,298.15,1.0,1.0
6.970500908044986,0.0,3.0070839687381303,4.661213033257655,298.15,1.0,1.0
6.987167574711653,0.0,3.007325916752286,4.661213033257655,298.15,1.0,1.0
7.0038342413783194,0.0,3.007528624494314,4.661213033257655,298.15,1.0,1.0
7.020500908044986,0.0,3.0076986703480872,4.661213033257655,298.15,1.0,1.0
7.037167574711653,0.0,3.0078412862716313,4.661213033257655,298.15,1.0,1.0
7.053834241378319,0.0,3.0079609864873333,4.661213033257655,298.15,1.0,1.0
7.070500908044986,0.0,3.008061466658315,4.661213033257655,298.15,1.0,1.0
7.0871675747116525,0.0,3.0081458138411232,4.661213033257655,298.15,1.0,1.0
7.10383424137832,0.0,3.0082166453306733,4.661213033257655,298.15,1.0,1.0
7.120500908044987,0.0,3.008276135687014,4.661213033257655,298.15,1.0,1.0
7.137167574711653,0.0,3.0083261324260486,4.661213033257655,298.15,1.0,1.0
7.15383424137832,0.0,3.0083681606472004,4.661213033257655,298.15,1.0,1.0
7.170500908044986,0.0,3.00840349910608,4.661213033257655,298.15,1.0,1.0
7.187167574711653,0.0,3.0084332191531837,4.661213033257655,298.15,1.0,1.0
7.20383424137832,0.0,3.0084582200642727,4.661213033257655,298.15,1.0,1.0
7.220500908044986,0.0,3.008479254864131,4.661213033257655,298.15,1.0,1.0
7.237167574711653,0.0,3.008496954751713,4.661213033257655,298.15,1.0,1.0
7.2538342413783194,0.0,3.008511849388562,4.661213033257655,298.15,1.0,1.0
7.270500908044986,0.0,3.008524371787211,4.661213033257655,298.15,1.0,1.0
7.287167574711653,0.0,3.008534888625263,4.661213033257655,298.15,1.0,1.0
7.303834241378319,0.0,3.008543719779309,4.661213033257655,298.15,1.0,1.0
7.320500908044986,0.0,3.008551149417462,4.661213033257655,298.15,1.0,1.0
7.3371675747116525,0.0,3.008557436130211,4.661213033257655,298.15,1.0,1.0
7.35383424137832,0.0,3.0085626968445167,4.661213033257655,298.15,1.0,1.0
7.370500908044987,0.0,3.0085671247052224,4.661213033257655,298.15,1.0,1.0
7.387167574711653,0.0,3.008570855174952,4.661213033257655,298.15,1.0,1.0
7.40383424137832,0.0,3.008573982813248,4.661213033257655,298.15,1.0,1.0
7.420500908044986,0.0,3.008576615619014,4.661213033257655,298.15,1.0,1.0
7.437167574711653,0.0,3.00857882555624,4.661213033257655,298.15,1.0,1.0
7.45383424137832,0.0,3.0085806636511054,4.661213033257655,298.15,1.0,1.0
7.470500908044986,0.0,3.0085821958360834,4.661213033257655,298.15,1.0,1.0
7.487167574711653,0.0,3.008583459237564,4.661213033257655,298.15,1.0,1.0
7.5038342413783194,0.0,3.008584492904984,4.661213033257655,298.15,1.0,1.0
7.520500908044986,0.0,3.0085853389204527,4.661213033257655,298.15,1.0,1.0
7.537167574711653,0.0,3.0085860112282314,4.661213033257655,298.15,1.0,1.0
7.553834241378319,0.0,3.0085865432576075,4.661213033257655,298.15,1.0,1.0
7.570500908044986,0.0,3.008586959642345,4.661213033257655,298.15,1.0,1.0
7.5871675747116525,0.0,3.0085872672724063,4.661213033257655,298.15,1.0,1.0
7.60383424137832,0.0,3.0085874875433136,4.661213033257655,298.15,1.0,1.0
7.620500908044987,0.0,3.0085876331816355,4.661213033257655,298.15,1.0,1.0
7.637167574711653,0.0,3.008587710944728,4.661213033257655,298.15,1.0,1.0
7.65383424137832,0.0,3.008587731606272,4.661213033257655,298.15,1.0,1.0
7.670500908044986,0.0,3.008587702415151,4.661213033257655,298.15,1.0,1.0
7.687167574711653,0.0,3.0085876297163217,4.661213033257655,298.15,1.0,1.0
7.687167574711931,-5.0,3.201640518381791,4.661213033256961,298.15,1.0,2.0
7.70383424137832,-5.0,3.4271252524657467,4.577879699925017,298.15,1.0,2.0
7.720500908044986,-5.0,3.500329866255054,4.494546366591684,298.15,1.0,2.0
7.737167574711653,-5.0,3.5608051739241073,4.411213033258351,298.15,1.0,2.0
7.7538342413783194,-5.0,3.6178657199554176,4.327879699925018,298.15,1.0,2.0
7.770500908044986,-5.0,3.665065170399397,4.244546366591685,298.15,1.0,2.0
7.787167574711653,-5.0,3.698199084192395,4.161213033258352,298.15,1.0,2.0
7.803834241378319,-5.0,3.7204702574793598,4.077879699925019,298.15,1.0,2.0
7.820500908044986,-5.0,3.737060883695634,3.994546366591685,298.15,1.0,2.0
7.8371675747116525,-5.0,3.751608340928009,3.9112130332583517,298.15,1.0,2.0
7.85383424137832,-5.0,3.766094351151636,3.827879699925018,298.15,1.0,2.0
7.870500908044987,-5.0,3.7814672270825107,3.7445463665916847,298.15,1.0,2.0
7.887167574711653,-5.0,3.798091656328092,3.6612130332583512,298.15,1.0,2.0
7.90383424137832,-5.0,3.816000041877606,3.5778796999250178,298.15,1.0,2.0
7.920500908044986,-5.0,3.835015670314334,3.4945463665916843,298.15,1.0,2.0
7.937167574711653,-5.0,3.8548228272740097,3.411213033258351,298.15,1.0,2.0
7.95383424137832,-5.0,3.8750422644194034,3.3278796999250173,298.15,1.0,2.0
7.970500908044986,-5.0,3.8953149294503766,3.244546366591684,298.15,1.0,2.0
7.987167574711653,-5.0,3.915342248590745,3.1612130332583503,298.15,1.0,2.0
8.00383424137832,-5.0,3.934861980737441,3.077879699925017,298.15,1.0,2.0
8.020500908044987,-5.0,3.953611912268203,2.9945463665916834,298.15,1.0,2.0
8.037167574711653,-5.0,3.9713402346580793,2.91121303325835,298.15,1.0,2.0
8.05383424137832,-5.0,3.9878633830560988,2.8278796999250164,298.15,1.0,2.0
8.070500908044986,-5.0,4.003123561913851,2.744546366591683,298.15,1.0,2.0
8.087167574711653,-5.0,4.017205786502202,2.6612130332583495,298.15,1.0,2.0
8.103834241378319,-5.0,4.030316509623332,2.577879699925016,298.15,1.0,2.0
8.120500908044987,-5.0,4.042759941347148,2.4945463665916825,298.15,1.0,2.0
8.137167574711652,-5.0,4.05494500765098,2.411213033258349,298.15,1.0,2.0
8.15383424137832,-5.0,4.067382562243431,2.3278796999250155,298.15,1.0,2.0
8.170500908044986,-5.0,4.080481887813828,2.244546366591682,298.15,1.0,2.0
8.187167574711653,-5.0,4.094368956269332,2.1612130332583486,298.15,1.0,2.0
8.203834241378319,-5.0,4.109019633077136,2.077879699925015,298.15,1.0,2.0
8.220500908044986,-5.0,4.124406104574244,1.9945463665916818,298.15,1.0,2.0
8.237167574711654,-5.0,4.140524322936585,1.9112130332583486,298.15,1.0,2.0
8.25383424137832,-5.0,4.157351474382047,1.8278796999250153,298.15,1.0,2.0
8.270500908044987,-5.0,4.174775404932633,1.744546366591682,298.15,1.0,2.0
8.287167574711653,-5.0,4.192517972046227,1.6612130332583488,298.15,1.0,2.0
8.294206582221689,-5.0,4.1999900000000014,1.626017995708171,298.15,1.0,2.0
8.294206582221966,-5.000405760395399,4.199999999999998,1.6260179957067815,298.15,1.0,3.0
8.310873248888354,-4.56832200042883,4.2,1.5462785977012425,298.15,1.0,3.0
8.327539915555022,-4.263096155298539,4.199999999999999,1.4726834464035146,298.15,1.0,3.0
8.344206582221688,-4.000109114260697,4.200000000000001,1.403823402490521,298.15,1.0,3.0
8.360873248888355,-3.7672178294253857,4.199999999999998,1.3390956779598036,298.15,1.0,3.0
8.377539915555023,-3.558062581743673,4.1999999999999975,1.2780516745333947,298.15,1.0,3.0
8.394206582221688,-3.368704425066701,4.199999999999997,1.2203286161433082,298.15,1.0,3.0
8.410873248888356,-3.197224518638968,4.199999999999996,1.1656125416124277,298.15,1.0,3.0
8.427539915555021,-3.043399131156203,4.199999999999997,1.1136073445308012,298.15,1.0,3.0
8.444206582221689,-2.907721366885233,4.199999999999999,1.0640146737137892,298.15,1.0,3.0
8.460873248888355,-2.7901985689307853,4.2,1.016532007581989,298.15,1.0,3.0
8.477539915555022,-2.6898152489957203,4.2,0.9708652257659348,298.15,1.0,3.0
8.494206582221688,-2.6046891104965946,4.199999999999999,0.9267443561034988,298.15,1.0,3.0
8.510873248888355,-2.5324139704732014,4.2,0.8839351637620838,298.15,1.0,3.0
8.527539915555021,-2.470315336971453,4.2,0.8422457528667117,298.15,1.0,3.0
8.544206582221689,-2.415707946074157,4.2,0.8015288921746649,298.15,1.0,3.0
8.560873248888354,-2.3662059523588814,4.2,0.761679609687723,298.15,1.0,3.0
8.577539915555022,-2.319822124488681,4.2,0.7226293757139933,298.15,1.0,3.0
8.594206582221688,-2.2748489046993896,4.2,0.6843404504707594,298.15,1.0,3.0
8.610873248888355,-2.229644480288587,4.199999999999999,0.6468030055958596,298.15,1.0,3.0
8.627539915555023,-2.1825262833998056,4.199999999999999,0.6100349158984563,298.15,1.0,3.0
8.644206582221688,-2.1318623867122373,4.200000000000001,0.5740816769808559,298.15,1.0,3.0
8.660873248888356,-2.076374643248731,4.2,0.5390130350645145,298.15,1.0,3.0
8.677539915555021,-2.015471408350824,4.2,0.5049143179678515,298.15,1.0,3.0
8.694206582221689,-1.9493606024392078,4.2,0.47187405121126785,298.15,1.0,3.0
8.710873248888355,-1.8789164239707148,4.2,0.4399717426578518,298.15,1.0,3.0
8.727539915555022,-1.8053724799501627,4.199999999999999,0.4092693351251778,298.15,1.0,3.0
8.744206582221688,-1.7300579763180224,4.2,0.37980741465627627,298.15,1.0,3.0
8.760873248888355,-1.6542085780614177,4.2,0.3516051933697809,298.15,1.0,3.0
8.777539915555021,-1.57886522621991,4.199999999999999,0.3246629116674365,298.15,1.0,3.0
8.794206582221689,-1.5048472258371637,4.2,0.2989653079002942,298.15,1.0,3.0
8.810873248888354,-1.4327591348439843,4.2,0.27448525489461795,298.15,1.0,3.0
8.827539915555022,-1.3630197038204743,4.2,0.25118709790574745,298.15,1.0,3.0
8.844206582221688,-1.2958991589011641,4.2,0.22902944071640047,298.15,1.0,3.0
8.860873248888355,-1.2315490526024548,4.2,0.20796737228720363,298.15,1.0,3.0
8.877539915555023,-1.1700374798938602,4.199999999999998,0.18795415118306769,298.15,1.0,3.0
8.894206582221688,-1.1113685106118083,4.2,0.16894243459552044,298.15,1.0,3.0
8.910873248888356,-1.0555007397900054,4.199999999999998,0.150885190842172,298.15,1.0,3.0
8.927539915555021,-1.0023619746531156,4.199999999999999,0.13373633488847933,298.15,1.0,3.0
8.944206582221689,-0.9518667716094724,4.2,0.1174510953362911,298.15,1.0,3.0
8.960873248888355,-0.9039100276310847,4.199999999999998,0.10198628867595312,298.15,1.0,3.0
8.977539915555022,-0.8583849223743546,4.200000000000001,0.08730049742590779,298.15,1.0,3.0
8.994206582221688,-0.8151776659059883,4.199999999999999,0.0733541425235716,298.15,1.0,3.0
9.010873248888355,-0.7741811154040419,4.199999999999999,0.06010948601265468,298.15,1.0,3.0
9.027539915555021,-0.7352806957273854,4.2,0.047530637586559454,298.15,1.0,3.0
9.044206582221689,-0.6983739976527421,4.200000000000001,0.03558351514172506,298.15,1.0,3.0
9.060873248888354,-0.6633548637403542,4.200000000000001,0.02423577463011592,298.15,1.0,3.0
9.077539915555022,-0.6301275872730898,4.2,0.013456754205003885,298.15,1.0,3.0
9.094206582221688,-0.5985996009626584,4.199999999999998,0.003217360969705983,298.15,1.0,3.0
9.110873248888355,-0.5686794773259887,4.2,-0.006509964682699409,298.15,1.0,3.0
9.127539915555023,-0.5402833627552095,4.199999999999999,-0.015751321683376063,298.15,1.0,3.0
9.144206582221688,-0.5133321367276367,4.200000000000001,-0.024531450845733112,298.15,1.0,3.0
9.160873248888356,-0.4877494669408632,4.2,-0.03287379754297061,298.15,1.0,3.0
9.177539915555021,-0.4634626339862091,4.200000000000001,-0.04080056505069621,298.15,1.0,3.0
9.194206582221689,-0.44040009163802457,4.2,-0.048332754430898156,298.15,1.0,3.0
9.210873248888355,-0.41850238881398105,4.199999999999999,-0.05549027510133154,298.15,1.0,3.0
9.227539915555022,-0.3977079231503916,4.199999999999999,-0.06229202770103465,298.15,1.0,3.0
9.244206582221688,-0.3779618434229244,4.2,-0.06875594242247894,298.15,1.0,3.0
9.260873248888355,-0.3592146355661993,4.199999999999999,-0.07489907974738831,298.15,1.0,3.0
9.277539915555021,-0.34140642379320507,4.2,-0.08073758857538335,298.15,1.0,3.0
9.294206582221689,-0.32449806036752965,4.199999999999999,-0.08628679261005615,298.15,1.0,3.0
9.310873248888354,-0.3084279315707502,4.2,-0.09156117587620848,298.15,1.0,3.0
9.327539915555022,-0.293172557667543,4.199999999999999,-0.09657451328652758,298.15,1.0,3.0
9.344206582221688,-0.2786682807717318,4.2,-0.10133985360685487,298.15,1.0,3.0
9.360873248888355,-0.264894245523861,4.2,-0.1058695413259848,298.15,1.0,3.0
9.377539915555023,-0.2518009411320799,4.199999999999999,-0.11017533454811765,298.15,1.0,3.0
9.394206582221688,-0.23936237231493623,4.199999999999999,-0.11426836216017612,298.15,1.0,3.0
9.410873248888356,-0.22754409454925043,4.199999999999999,-0.11815924938404435,298.15,1.0,3.0
9.427539915555021,-0.21631532999572972,4.200000000000001,-0.12185807792191918,298.15,1.0,3.0
9.444206582221689,-0.20564506181372538,4.2,-0.1253744145203313,298.15,1.0,3.0
9.460873248888355,-0.1955062524840338,4.200000000000001,-0.1287173421394793,298.15,1.0,3.0
9.477539915555022,-0.18586606582986892,4.199999999999999,-0.13189544479209517,298.15,1.0,3.0
9.494206582221688,-0.1767059980886348,4.199999999999998,-0.1349168786580827,298.15,1.0,3.0
9.510873248888355,-0.1679993405828478,4.199999999999999,-0.1377894231470117,298.15,1.0,3.0
9.527539915555021,-0.1597262170548776,4.2,-0.1405204694606594,298.15,1.0,3.0
9.544206582221689,-0.15185885642836927,4.2,-0.14311701173968647,298.15,1.0,3.0
9.560873248888354,-0.14437925253581443,4.199999999999999,-0.14558566264772133,298.15,1.0,3.0
9.577539915555022,-0.13726980116714818,4.2,-0.147932738095246,298.15,1.0,3.0
9.594206582221688,-0.13051318471956136,4.2,-0.15016426297763527,298.15,1.0,3.0
9.610873248888355,-0.12408909016689457,4.2,-0.15228594860168906,298.15,1.0,3.0
9.627539915555023,-0.117982267829251,4.2,-0.1543032099183236,298.15,1.0,3.0
9.644206582221688,-0.11218225669555834,4.199999999999999,-0.156221247622697,298.15,1.0,3.0
9.660873248888356,-0.10666514670941589,4.2,-0.15804497598440514,298.15,1.0,3.0
9.677539915555021,-0.10141923041075222,4.2,-0.15977901246040654,298.15,1.0,3.0
9.694206582221689,-0.09642958113504493,4.2,-0.16142775255662153,298.15,1.0,3.0
9.710873248888355,-0.09168892129435788,4.199999999999999,-0.16299540674353322,298.15,1.0,3.0
9.727539915555022,-0.08717878743636415,4.2,-0.1644859709829559,298.15,1.0,3.0
9.744206582221688,-0.08289348159225676,4.2,-0.16590323989152772,298.15,1.0,3.0
9.760873248888355,-0.0788183422612656,4.2,-0.1672508384236404,298.15,1.0,3.0
9.777539915555021,-0.07494008374841851,4.199999999999999,-0.16853215864038779,298.15,1.0,3.0
9.794206582221689,-0.07125961979131767,4.2,-0.16975048950321892,298.15,1.0,3.0
9.810873248888354,-0.06775580191166095,4.2,-0.17090895135074374,298.15,1.0,3.0
9.827539915555022,-0.06442498391791596,4.199999999999999,-0.17201045789932354,298.15,1.0,3.0
9.844206582221688,-0.061257494741026375,4.199999999999999,-0.17305781188814806,298.15,1.0,3.0
9.860873248888355,-0.05824614016010317,4.2,-0.17405367551232415,298.15,1.0,3.0
9.877539915555023,-0.05538359323866996,4.2,-0.17500058995731393,298.15,1.0,3.0
9.894206582221688,-0.05266032572358304,4.199999999999998,-0.17590095594866603,298.15,1.0,3.0
9.910873248888356,-0.05007212152248582,4.2,-0.17675705967571662,298.15,1.0,3.0
9.927539915555021,-0.04760962435725005,4.2,-0.1775710742247144,298.15,1.0,3.0
9.944206582221689,-0.045269099733092594,4.2,-0.17834506359213392,298.15,1.0,3.0
9.960873248888355,-0.043043188704838316,4.199999999999999,-0.17908099932911667,298.15,1.0,3.0
9.977539915555022,-0.04092693847898658,4.199999999999999,-0.17978075038898186,298.15,1.0,3.0
9.994206582221688,-0.038913273173583486,4.199999999999999,-0.18044608548608662,298.15,1.0,3.0
10.010873248888355,-0.03699979482008431,4.2,-0.18107869438603386,298.15,1.0,3.0
10.027539915555021,-0.03517979546893225,4.199999999999998,-0.18168019097177565,298.15,1.0,3.0
10.044206582221689,-0.03344876692385144,4.200000000000001,-0.18225209565838218,298.15,1.0,3.0
10.060873248888354,-0.03180335650680775,4.2,-0.18279586335363768,298.15,1.0,3.0
10.077539915555022,-0.030237486058443782,4.2,-0.18331287037501479,298.15,1.0,3.0
10.094206582221688,-0.028749317225144313,4.2,-0.18380442706904468,298.15,1.0,3.0
10.110873248888355,-0.02733405664967363,4.2,-0.1842717885180015,298.15,1.0,3.0
10.127539915555023,-0.02598813699141067,4.2,-0.1847161401316772,298.15,1.0,3.0
10.144206582221688,-0.024707550658837413,4.199999999999999,-0.18513860419542927,298.15,1.0,3.0
10.160873248888356,-0.023490641064701757,4.199999999999999,-0.18554025579312544,298.15,1.0,3.0
10.177539915555021,-0.02233314886947508,4.2,-0.18592212070924358,298.15,1.0,3.0
10.194206582221689,-0.021232008079099498,4.199999999999999,-0.18628516368381504,298.15,1.0,3.0
10.210873248888355,-0.020185446915934293,4.200000000000001,-0.186630309142107,298.15,1.0,3.0
10.227539915555022,-0.019189399975620938,4.199999999999999,-0.18695843286620328,298.15,1.0,3.0
10.244206582221688,-0.018242812464141563,4.199999999999999,-0.18727036796986798,298.15,1.0,3.0
10.260873248888355,-0.01734236271320005,4.2,-0.18756691109634582,298.15,1.0,3.0
10.277539915555021,-0.016486122196677614,4.2,-0.18784881513726148,298.15,1.0,3.0
10.294206582221689,-0.01567152098021174,4.200000000000001,-0.1881167954970689,298.15,1.0,3.0
10.310873248888354,-0.014897310604704103,4.200000000000001,-0.18837153576027652,298.15,1.0,3.0
10.327539915555022,-0.014160787821257445,4.199999999999999,-0.18861368658049285,298.15,1.0,3.0
10.344206582221688,-0.013460308959452171,4.2,-0.18884386238699877,298.15,1.0,3.0
10.360873248888355,-0.012794100172361583,4.199999999999999,-0.1890626491297639,298.15,1.0,3.0
10.377539915555023,-0.01216080399974637,4.2,-0.18927060666453147,298.15,1.0,3.0
10.394206582221688,-0.01155830660689269,4.199999999999999,-0.1894682659195868,298.15,1.0,3.0
10.410873248888356,-0.010985319701431072,4.2,-0.18965612947215615,298.15,1.0,3.0
10.427539915555021,-0.010440471015274497,4.2,-0.1898346777281287,298.15,1.0,3.0
10.441425174010012,-0.010010000000000019,4.2,-0.1899766577659154,298.15,1.0,3.0
10.44142517401029,0.0,4.199474830206274,-0.1899766577659168,298.15,1.0,4.0
10.45809184067668,0.0,4.199202307522816,-0.1899766577659168,298.15,1.0,4.0
10.474758507343346,0.0,4.199112497053713,-0.1899766577659168,298.15,1.0,4.0
10.491425174010013,0.0,4.1990571826946335,-0.1899766577659168,298.15,1.0,4.0
10.508091840676679,0.0,4.199017232621574,-0.1899766577659168,298.15,1.0,4.0
10.524758507343346,0.0,4.198987097756034,-0.1899766577659168,298.15,1.0,4.0
10.541425174010014,0.0,4.1989633200524885,-0.1899766577659168,298.15,1.0,4.0
10.55809184067668,0.0,4.198944259639556,-0.1899766577659168,298.15,1.0,4.0
10.574758507343347,0.0,4.198928740719554,-0.1899766577659168,298.15,1.0,4.0
10.591425174010013,0.0,4.1989158324350075,-0.1899766577659168,298.15,1.0,4.0
10.60809184067668,0.0,4.198905181227275,-0.1899766577659168,298.15,1.0,4.0
10.624758507343346,0.0,4.198896427041557,-0.1899766577659168,298.15,1.0,4.0
10.641425174010013,0.0,4.198889217972629,-0.1899766577659168,298.15,1.0,4.0
10.65809184067668,0.0,4.198883322062822,-0.1899766577659168,298.15,1.0,4.0
10.674758507343347,0.0,4.198878574629635,-0.1899766577659168,298.15,1.0,4.0
10.691425174010012,0.0,4.198874755833255,-0.1899766577659168,298.15,1.0,4.0
10.70809184067668,0.0,4.198871707260414,-0.1899766577659168,298.15,1.0,4.0
10.724758507343346,0.0,4.198869303105586,-0.1899766577659168,298.15,1.0,4.0
10.741425174010013,0.0,4.198867349923558,-0.1899766577659168,298.15,1.0,4.0
10.758091840676679,0.0,4.198865851884445,-0.1899766577659168,298.15,1.0,4.0
10.774758507343346,0.0,4.198864729826066,-0.1899766577659168,298.15,1.0,4.0
10.791425174010014,0.0,4.198863841339814,-0.1899766577659168,298.15,1.0,4.0
10.80809184067668,0.0,4.19886326117276,-0.1899766577659168,298.15,1.0,4.0
10.824758507343347,0.0,4.19886288186318,-0.1899766577659168,298.15,1.0,4.0
10.841425174010013,0.0,4.198862653543127,-0.1899766577659168,298.15,1.0,4.0
10.85809184067668,0.0,4.198862609912549,-0.1899766577659168,298.15,1.0,4.0
10.874758507343346,0.0,4.198862685918077,-0.1899766577659168,298.15,1.0,4.0
10.891425174010013,0.0,4.19886285999215,-0.1899766577659168,298.15,1.0,4.0
10.90809184067668,0.0,4.198863132655806,-0.1899766577659168,298.15,1.0,4.0
10.924758507343347,0.0,4.198863483020717,-0.1899766577659168,298.15,1.0,4.0
10.941425174010012,0.0,4.198863899093695,-0.1899766577659168,298.15,1.0,4.0
10.95809184067668,0.0,4.1988643720054215,-0.1899766577659168,298.15,1.0,4.0
10.974758507343346,0.0,4.198864899114307,-0.1899766577659168,298.15,1.0,4.0
10.991425174010013,0.0,4.198865462161868,-0.1899766577659168,298.15,1.0,4.0
11.008091840676679,0.0,4.198866054948332,-0.1899766577659168,298.15,1.0,4.0
11.024758507343346,0.0,4.198866672693764,-0.1899766577659168,298.15,1.0,4.0
11.041425174010014,0.0,4.198867310242632,-0.1899766577659168,298.15,1.0,4.0
11.05809184067668,0.0,4.198867963556548,-0.1899766577659168,298.15,1.0,4.0
11.074758507343347,0.0,4.198868638071161,-0.1899766577659168,298.15,1.0,4.0
11.091425174010013,0.0,4.198869347793417,-0.1899766577659168,298.15,1.0,4.0
11.10809184067668,0.0,4.198870076254861,-0.1899766577659168,298.15,1.0,4.0
11.124758507343346,0.0,4.198870821153266,-0.1899766577659168,298.15,1.0,4.0
11.141425174010013,0.0,4.198871580186399,-0.1899766577659168,298.15,1.0,4.0
11.15809184067668,0.0,4.198872351052035,-0.1899766577659168,298.15,1.0,4.0
11.174758507343347,0.0,4.198873126534991,-0.1899766577659168,298.15,1.0,4.0
11.191425174010012,0.0,4.1988739049296075,-0.1899766577659168,298.15,1.0,4.0
11.20809184067668,0.0,4.1988746845324645,-0.1899766577659168,298.15,1.0,4.0
11.224758507343346,0.0,4.198875462533509,-0.1899766577659168,298.15,1.0,4.0
11.241425174010013,0.0,4.198876236122692,-0.1899766577659168,298.15,1.0,4.0
11.258091840676679,0.0,4.198877007431025,-0.1899766577659168,298.15,1.0,4.0
11.274758507343346,0.0,4.1988777929110235,-0.1899766577659168,298.15,1.0,4.0
11.291425174010014,0.0,4.198878579076028,-0.1899766577659168,298.15,1.0,4.0
11.30809184067668,0.0,4.198879365112929,-0.1899766577659168,298.15,1.0,4.0
11.324758507343347,0.0,4.198880150208616,-0.1899766577659168,298.15,1.0,4.0
11.341425174010013,0.0,4.1988809335499795,-0.1899766577659168,298.15,1.0,4.0
11.35809184067668,0.0,4.198881714323907,-0.1899766577659168,298.15,1.0,4.0
11.374758507343346,0.0,4.19888249171729,-0.1899766577659168,298.15,1.0,4.0
11.391425174010013,0.0,4.198883264917021,-0.1899766577659168,298.15,1.0,4.0
11.40809184067668,0.0,4.198884033109985,-0.1899766577659168,298.15,1.0,4.0
11.424758507343347,0.0,4.198884795483075,-0.1899766577659168,298.15,1.0,4.0
11.441425174010012,0.0,4.198885548316783,-0.1899766577659168,298.15,1.0,4.0
11.44142517401029,5.0,4.011488475295886,-0.18997665776522457,298.15,2.0,0.0
11.45809184067668,5.0,3.9038727898853294,-0.10664332443327569,298.15,2.0,0.0
11.474758507343346,5.0,3.8893052446963345,-0.023309991099942348,298.15,2.0,0.0
11.491425174010013,5.0,3.882354002883056,0.060023342233390994,298.15,2.0,0.0
11.508091840676679,5.0,3.8727617615138805,0.14335667556672432,298.15,2.0,0.0
11.524758507343346,5.0,3.858754498117581,0.22669000890005767,298.15,2.0,0.0
11.541425174010014,5.0,3.8419220391786317,0.310023342233391,298.15,2.0,0.0
11.55809184067668,5.0,3.824159323945513,0.3933566755667244,298.15,2.0,0.0
11.574758507343347,5.0,3.806670450839108,0.47669000890005775,298.15,2.0,0.0
11.591425174010013,5.0,3.789986530146722,0.5600233422333911,298.15,2.0,0.0
11.60809184067668,5.0,3.774147946926118,0.6433566755667245,298.15,2.0,0.0
11.624758507343346,5.0,3.758894316437849,0.7266900089000579,298.15,2.0,0.0
11.641425174010013,5.0,3.7438662140713346,0.8100233422333912,298.15,2.0,0.0
11.65809184067668,5.0,3.728803688800737,0.8933566755667246,298.15,2.0,0.0
11.674758507343347,5.0,3.713618650676099,0.976690008900058,298.15,2.0,0.0
11.691425174010012,5.0,3.698314267069682,1.0600233422333913,298.15,2.0,0.0
11.70809184067668,5.0,3.6828632281350298,1.1433566755667246,298.15,2.0,0.0
11.724758507343346,5.0,3.667133133515323,1.2266900089000579,298.15,2.0,0.0
11.741425174010013,5.0,3.6508878992265146,1.3100233422333911,298.15,2.0,0.0
11.758091840676679,5.0,3.6338888419104833,1.3933566755667244,298.15,2.0,0.0
11.774758507343346,5.0,3.6161876764528915,1.4766900089000576,298.15,2.0,0.0
11.791425174010014,5.0,3.598404373124002,1.560023342233391,298.15,2.0,0.0
11.80809184067668,5.0,3.58113848411134,1.6433566755667242,298.15,2.0,0.0
11.824758507343347,5.0,3.564494144152746,1.7266900089000574,298.15,2.0,0.0
11.841425174010013,5.0,3.548477700540971,1.8100233422333907,298.15,2.0,0.0
11.85809184067668,5.0,3.533215459651288,1.893356675566724,298.15,2.0,0.0
11.874758507343346,5.0,3.5188652021976528,1.9766900089000572,298.15,2.0,0.0
11.891425174010013,5.0,3.505502033425652,2.0600233422333907,298.15,2.0,0.0
11.90809184067668,5.0,3.4930803926674185,2.143356675566724,298.15,2.0,0.0
11.924758507343347,5.0,3.4814537121501976,2.2266900089000576,298.15,2.0,0.0
11.941425174010012,5.0,3.4704153881041377,2.310023342233391,298.15,2.0,0.0
11.95809184067668,5.0,3.4597211450834777,2.3933566755667246,298.15,2.0,0.0
11.974758507343346,5.0,3.4491077034978375,2.476690008900058,298.15,2.0,0.0
11.991425174010013,5.0,3.43828367362909,2.5600233422333916,298.15,2.0,0.0
12.008091840676679,5.0,3.426927326559764,2.643356675566725,298.15,2.0,0.0
12.024758507343346,5.0,3.41468178962216,2.7266900089000585,298.15,2.0,0.0
12.041425174010014,5.0,3.4011886105938136,2.810023342233392,298.15,2.0,0.0
12.05809184067668,5.0,3.3861693925746215,2.8933566755667255,298.15,2.0,0.0
12.074758507343347,5.0,3.369571393246048,2.976690008900059,298.15,2.0,0.0
12.091425174010013,5.0,3.351705159887832,3.0600233422333925,298.15,2.0,0.0
12.10809184067668,5.0,3.3332490410681372,3.143356675566726,298.15,2.0,0.0
12.124758507343346,5.0,3.3150438485450957,3.2266900089000594,298.15,2.0,0.0
12.141425174010013,5.0,3.297780241799451,3.310023342233393,298.15,2.0,0.0
12.15809184067668,5.0,3.2817593723482443,3.3933566755667264,298.15,2.0,0.0
12.174758507343347,5.0,3.2668031566237543,3.47669000890006,298.15,2.0,0.0
12.191425174010012,5.0,3.252217019681974,3.5600233422333933,298.15,2.0,0.0
12.20809184067668,5.0,3.236639549772626,3.643356675566727,298.15,2.0,0.0
12.224758507343346,5.0,3.2177594765507957,3.7266900089000603,298.15,2.0,0.0
12.241425174010013,5.0,3.1922104147401007,3.810023342233394,298.15,2.0,0.0
12.258091840676679,5.0,3.155988411619253,3.8933566755667273,298.15,2.0,0.0
12.274758507343346,5.0,3.106695418968865,3.9766900089000607,298.15,2.0,0.0
12.291425174010014,5.0,3.048767974486073,4.060023342233394,298.15,2.0,0.0
12.30809184067668,5.0,2.990269517699715,4.143356675566727,298.15,2.0,0.0
12.324758507343347,5.0,2.9302960576578694,4.22669000890006,298.15,2.0,0.0
12.341425174010013,5.0,2.85668382021274,4.310023342233393,298.15,2.0,0.0
12.35809184067668,5.0,2.7486386670760554,4.393356675566726,298.15,2.0,0.0
12.374758507343346,5.0,2.573550589524664,4.476690008900059,298.15,2.0,0.0
12.379858028703227,5.0,2.5000099999999925,4.502187615699459,298.15,2.0,0.0
12.379858028703502,0.0,2.715967691449993,4.502187615700151,298.15,2.0,1.0
12.396524695369893,0.0,2.9525938898143167,4.502187615700151,298.15,2.0,1.0
12.41319136203656,0.0,2.984801780985848,4.502187615700151,298.15,2.0,1.0
12.429858028703226,0.0,2.996422836293224,4.502187615700151,298.15,2.0,1.0
12.446524695369893,0.0,3.002159266769059,4.502187615700151,298.15,2.0,1.0
12.463191362036559,0.0,3.005715123929131,4.502187615700151,298.15,2.0,1.0
12.479858028703227,0.0,3.0082491192354324,4.502187615700151,298.15,2.0,1.0
12.496524695369892,0.0,3.010195521690143,4.502187615700151,298.15,2.0,1.0
12.51319136203656,0.0,3.011746822902662,4.502187615700151,298.15,2.0,1.0
12.529858028703226,0.0,3.0130084306400104,4.502187615700151,298.15,2.0,1.0
12.546524695369893,0.0,3.014045635334679,4.502187615700151,298.15,2.0,1.0
12.563191362036559,0.0,3.0149026335681723,4.502187615700151,298.15,2.0,1.0
12.579858028703226,0.0,3.0156145165311,4.502187615700151,298.15,2.0,1.0
12.596524695369892,0.0,3.016207198240279,4.502187615700151,298.15,2.0,1.0
12.61319136203656,0.0,3.0167013143037966,4.502187615700151,298.15,2.0,1.0
12.629858028703227,0.0,3.0171141997487787,4.502187615700151,298.15,2.0,1.0
12.646524695369893,0.0,3.0174595084691385,4.502187615700151,298.15,2.0,1.0
12.66319136203656,0.0,3.0177485830214996,4.502187615700151,298.15,2.0,1.0
12.679858028703226,0.0,3.017990680987021,4.502187615700151,298.15,2.0,1.0
12.696524695369893,0.0,3.01819351468454,4.502187615700151,298.15,2.0,1.0
12.713191362036559,0.0,3.0183635085814595,4.502187615700151,298.15,2.0,1.0
12.729858028703227,0.0,3.0185060397688277,4.502187615700151,298.15,2.0,1.0
12.746524695369892,0.0,3.0186257034274195,4.502187615700151,298.15,2.0,1.0
12.76319136203656,0.0,3.0187261904099763,4.502187615700151,298.15,2.0,1.0
12.779858028703226,0.0,3.018810534141802,4.502187615700151,298.15,2.0,1.0
12.796524695369893,0.0,3.0188813115617776,4.502187615700151,298.15,2.0,1.0
12.813191362036559,0.0,3.0189406703370163,4.502187615700151,298.15,2.0,1.0
12.829858028703226,0.0,3.018990546262465,4.502187615700151,298.15,2.0,1.0
12.846524695369892,0.0,3.0190324388493592,4.502187615700151,298.15,2.0,1.0
12.86319136203656,0.0,3.019067688271619,4.502187615700151,298.15,2.0,1.0
12.879858028703227,0.0,3.019097358354447,4.502187615700151,298.15,2.0,1.0
12.896524695369893,0.0,3.019122342994293,4.502187615700151,298.15,2.0,1.0
12.91319136203656,0.0,3.019143397149592,4.502187615700151,298.15,2.0,1.0
12.929858028703226,0.0,3.0191611432812824,4.502187615700151,298.15,2.0,1.0
12.946524695369893,0.0,3.019176104419119,4.502187615700151,298.15,2.0,1.0
12.963191362036559,0.0,3.0191887480687645,4.502187615700151,298.15,2.0,1.0
12.979858028703227,0.0,3.019199432631984,4.502187615700151,298.15,2.0,1.0
12.996524695369892,0.0,3.019208424905884,4.502187615700151,298.15,2.0,1.0
13.01319136203656,0.0,3.019215918551603,4.502187615700151,298.15,2.0,1.0
13.029858028703226,0.0,3.019222244714556,4.502187615700151,298.15,2.0,1.0
13.046524695369893,0.0,3.019227537338652,4.502187615700151,298.15,2.0,1.0
13.063191362036559,0.0,3.01923197189539,4.502187615700151,298.15,2.0,1.0
13.079858028703226,0.0,3.0192356716323245,4.502187615700151,298.15,2.0,1.0
13.096524695369892,0.0,3.0192387567712466,4.502187615700151,298.15,2.0,1.0
13.11319136203656,0.0,3.019241332783108,4.502187615700151,298.15,2.0,1.0
13.129858028703227,0.0,3.0192434734525833,4.502187615700151,298.15,2.0,1.0
13.146524695369893,0.0,3.0192452518993935,4.502187615700151,298.15,2.0,1.0
13.16319136203656,0.0,3.0192467160984027,4.502187615700151,298.15,2.0,1.0
13.179858028703226,0.0,3.01924792335493,4.502187615700151,298.15,2.0,1.0
13.196524695369893,0.0,3.019248902113738,4.502187615700151,298.15,2.0,1.0
13.213191362036559,0.0,3.019249689608796,4.502187615700151,298.15,2.0,1.0
13.229858028703227,0.0,3.01925030880676,4.502187615700151,298.15,2.0,1.0
13.246524695369892,0.0,3.0192507812236706,4.502187615700151,298.15,2.0,1.0
13.26319136203656,0.0,3.019251126142438,4.502187615700151,298.15,2.0,1.0
13.279858028703226,0.0,3.019251360687467,4.502187615700151,298.15,2.0,1.0
13.296524695369893,0.0,3.019251503350566,4.502187615700151,298.15,2.0,1.0
13.313191362036559,0.0,3.0192515750833335,4.502187615700151,298.15,2.0,1.0
13.329858028703226,0.0,3.0192516002840826,4.502187615700151,298.15,2.0,1.0
13.346524695369892,0.0,3.0192515895321725,4.502187615700151,298.15,2.0,1.0
13.36319136203656,0.0,3.019251533490449,4.502187615700151,298.15,2.0,1.0
13.379858028703227,0.0,3.0192514663965766,4.502187615700151,298.15,2.0,1.0
13.379858028703502,-5.0,3.2257914278628133,4.502187615699459,298.15,2.0,2.0
13.396524695369893,-5.0,3.4501416713720965,4.418854282367509,298.15,2.0,2.0
13.41319136203656,-5.0,3.523190697400365,4.335520949034176,298.15,2.0,2.0
13.429858028703226,-5.0,3.5837050335987857,4.252187615700843,298.15,2.0,2.0
13.446524695369893,-5.0,3.6408521827056934,4.16885428236751,298.15,2.0,2.0
13.463191362036559,-5.0,3.6880630783634603,4.085520949034177,298.15,2.0,2.0
13.479858028703227,-5.0,3.721235285515318,4.002187615700844,298.15,2.0,2.0
13.496524695369892,-5.0,3.7435972137760993,3.9188542823675108,298.15,2.0,2.0
13.51319136203656,-5.0,3.7602814231307367,3.8355209490341773,298.15,2.0,2.0
13.529858028703226,-5.0,3.7749214721047575,3.752187615700844,298.15,2.0,2.0
13.546524695369893,-5.0,3.789561196096545,3.6688542823675103,298.15,2.0,2.0
13.563191362036559,-5.0,3.80523979441658,3.585520949034177,298.15,2.0,2.0
13.579858028703226,-5.0,3.8223999678207843,3.5021876157008434,298.15,2.0,2.0
13.596524695369892,-5.0,3.841108546336968,3.41885428236751,298.15,2.0,2.0
13.61319136203656,-5.0,3.8611693865532484,3.3355209490341764,298.15,2.0,2.0
13.629858028703227,-5.0,3.8821950320914027,3.252187615700843,298.15,2.0,2.0
13.646524695369893,-5.0,3.9036808088623296,3.1688542823675094,298.15,2.0,2.0
13.66319136203656,-5.0,3.925096031226179,3.085520949034176,298.15,2.0,2.0
13.679858028703226,-5.0,3.9459531267186327,3.0021876157008425,298.15,2.0,2.0
13.696524695369893,-5.0,3.9658403606528556,2.918854282367509,298.15,2.0,2.0
13.713191362036559,-5.0,3.9844473331362544,2.8355209490341755,298.15,2.0,2.0
13.729858028703227,-5.0,4.001598234132996,2.752187615700842,298.15,2.0,2.0
13.746524695369892,-5.0,4.017276624969725,2.6688542823675085,298.15,2.0,2.0
13.76319136203656,-5.0,4.031615813339767,2.585520949034175,298.15,2.0,2.0
13.779858028703226,-5.0,4.044856501354023,2.5021876157008416,298.15,2.0,2.0
13.796524695369893,-5.0,4.057296276537523,2.418854282367508,298.15,2.0,2.0
13.813191362036559,-5.0,4.069262132768318,2.3355209490341746,298.15,2.0,2.0
13.829858028703226,-5.0,4.081109799385124,2.252187615700841,298.15,2.0,2.0
13.846524695369892,-5.0,4.093268009247176,2.1688542823675077,298.15,2.0,2.0
13.86319136203656,-5.0,4.106208760657594,2.085520949034174,298.15,2.0,2.0
13.879858028703227,-5.0,4.120225689541103,2.0021876157008407,298.15,2.0,2.0
13.896524695369893,-5.0,4.135331220057288,1.9188542823675074,298.15,2.0,2.0
13.91319136203656,-5.0,4.151403753095519,1.8355209490341742,298.15,2.0,2.0
13.929858028703226,-5.0,4.168287689010248,1.752187615700841,298.15,2.0,2.0
13.946524695369893,-5.0,4.185763266553291,1.6688542823675077,298.15,2.0,2.0
13.959920738852805,-5.0,4.199990000000001,1.6018740649529435,298.15,2.0,2.0
13.959920738853082,-5.000367158626251,4.2,1.601874064951559,298.15,2.0,3.0
13.976587405519473,-4.590811221065632,4.200000000000001,1.5219475784554546,298.15,2.0,3.0
13.993254072186138,-4.294116529428848,4.2,1.4479065138680005,298.15,2.0,3.0
14.009920738852806,-4.036446720754982,4.2,1.378485153449802,298.15,2.0,3.0
14.026587405519471,-3.8072171079356707,4.199999999999999,1.3131212882107133,298.15,2.0,3.0
14.043254072186139,-3.6008439147334634,4.2,1.251387446355137,298.15,2.0,3.0
14.059920738852806,-3.413393401541376,4.199999999999998,1.1929354687195135,298.15,2.0,3.0
14.076587405519472,-3.2420172844801716,4.2,1.1374737130026673,298.15,2.0,3.0
14.09325407218614,-3.0849146141414243,4.2,1.084749280514154,298.15,2.0,3.0
14.109920738852805,-2.9414385115785247,4.2,1.0345296711331544,298.15,2.0,3.0
14.126587405519473,-2.811922838596793,4.2,0.9865849932150268,298.15,2.0,3.0
14.143254072186139,-2.69703752796355,4.2,0.9406769901603572,298.15,2.0,3.0
14.159920738852806,-2.596985827389455,4.199999999999999,0.8965601288657489,298.15,2.0,3.0
14.176587405519472,-2.5111257043177657,4.199999999999999,0.8539925327681887,298.15,2.0,3.0
14.19325407218614,-2.4380199977213994,4.2,0.8127496519178623,298.15,2.0,3.0
14.209920738852805,-2.3757080556032775,4.200000000000001,0.77263525147349,298.15,2.0,3.0
14.226587405519473,-2.3219337496462957,4.2,0.7334882364297436,298.15,2.0,3.0
14.243254072186138,-2.2744460237082373,4.199999999999999,0.6951850716517891,298.15,2.0,3.0
14.259920738852806,-2.23123757052968,4.2,0.6576377083664732,298.15,2.0,3.0
14.276587405519471,-2.1905953193238035,4.199999999999999,0.6207891009510275,298.15,2.0,3.0
14.293254072186139,-2.1509835635669403,4.200000000000003,0.584609276926938,298.15,2.0,3.0
14.309920738852806,-2.1108960867752167,4.2,0.5490936131740867,298.15,2.0,3.0
14.326587405519472,-2.0688055090505966,4.199999999999999,0.5142627665422049,298.15,2.0,3.0
14.34325407218614,-2.0232814710936005,4.199999999999998,0.48016204170766996,298.15,2.0,3.0
14.359920738852805,-1.9732427449443024,4.2,0.4468576732406874,298.15,2.0,3.0
14.376587405519473,-1.9182023600021922,4.2,0.4144289640328,298.15,2.0,3.0
14.393254072186139,-1.8583470351361115,4.200000000000001,0.3829577190733141,298.15,2.0,3.0
14.409920738852806,-1.7944084703758492,4.199999999999999,0.3525180898607144,298.15,2.0,3.0
14.426587405519472,-1.727429596642356,4.199999999999999,0.32316943930222936,298.15,2.0,3.0
14.44325407218614,-1.6585542847120953,4.2,0.29495290695760895,298.15,2.0,3.0
14.459920738852805,-1.588871244204553,4.2,0.26789102754997024,298.15,2.0,3.0
14.476587405519473,-1.5193201060327708,4.199999999999999,0.24198943296465922,298.15,2.0,3.0
14.493254072186138,-1.450673751454765,4.2,0.21723948415226307,298.15,2.0,3.0
14.509920738852806,-1.3835111143885777,4.199999999999999,0.1936212769369019,298.15,2.0,3.0
14.526587405519471,-1.31825765335469,4.199999999999999,0.171106537205708,298.15,2.0,3.0
14.543254072186139,-1.2552031378450645,4.2,0.14966103061237673,298.15,2.0,3.0
14.559920738852806,-1.1945287141633267,4.199999999999999,0.1292465985123068,298.15,2.0,3.0
14.576587405519472,-1.1363339345988726,4.2,0.10982274310595513,298.15,2.0,3.0
14.59325407218614,-1.0806553576622244,4.199999999999999,0.09134783233711266,298.15,2.0,3.0
14.609920738852805,-1.027485455402824,4.199999999999999,0.07377999222823725,298.15,2.0,3.0
14.626587405519473,-0.9767758206767161,4.199999999999999,0.05707781492757442,298.15,2.0,3.0
14.643254072186139,-0.9284715146524007,4.199999999999999,0.04120075379983178,298.15,2.0,3.0
14.659920738852806,-0.8824958132024612,4.2,0.02610935940104126,298.15,2.0,3.0
14.676587405519472,-0.8387621126653264,4.199999999999999,0.011765543352143032,298.15,2.0,3.0
14.69325407218614,-0.7971800858725824,4.2,-0.001867308302339542,298.15,2.0,3.0
14.709920738852805,-0.7576543056035241,4.199999999999999,-0.01482426156464043,298.15,2.0,3.0
14.726587405519473,-0.7200927667174368,4.199999999999999,-0.02713882050064844,298.15,2.0,3.0
14.743254072186138,-0.6844027998105701,4.2,-0.03884295022171516,298.15,2.0,3.0
14.759920738852806,-0.6504932631083172,4.2,-0.04996708407937256,298.15,2.0,3.0
14.776587405519471,-0.6182785994693972,4.2,-0.06054018293418685,298.15,2.0,3.0
14.793254072186139,-0.5876724705446126,4.2,-0.0705897751843036,298.15,2.0,3.0
14.809920738852806,-0.5585955119947618,4.199999999999999,-0.08014200837213172,298.15,2.0,3.0
14.826587405519472,-0.5309725335425806,4.2,-0.0892217420849429,298.15,2.0,3.0
14.84325407218614,-0.5047251713332381,4.199999999999998,-0.09785255629224139,298.15,2.0,3.0
14.859920738852805,-0.47979091157776593,4.2,-0.10605685698316643,298.15,2.0,3.0
14.876587405519473,-0.45609612747336653,4.199999999999998,-0.11385591564192586,298.15,2.0,3.0
14.893254072186139,-0.4335849406229795,4.199999999999999,-0.12126992454272875,298.15,2.0,3.0
14.909920738852806,-0.41219589956491137,4.199999999999999,-0.12831809821096118,298.15,2.0,3.0
14.926587405519472,-0.39186662774349507,4.199999999999999,-0.13501861927186457,298.15,2.0,3.0
14.94325407218614,-0.3725481397759226,4.2,-0.1413887423345264,298.15,2.0,3.0
14.959920738852805,-0.35418917841503106,4.200000000000001,-0.14744488665278432,298.15,2.0,3.0
14.976587405519473,-0.3367419008192584,4.2,-0.1532026456464034,298.15,2.0,3.0
14.993254072186138,-0.3201600104520649,4.199999999999999,-0.1586768282403311,298.15,2.0,3.0
15.009920738852806,-0.30439834560892015,4.199999999999999,-0.16388148120750598,298.15,2.0,3.0
15.026587405519471,-0.2894169509343591,4.199999999999999,-0.1688299420120333,298.15,2.0,3.0
15.043254072186139,-0.27517686562620236,4.199999999999999,-0.1735348904833713,298.15,2.0,3.0
15.059920738852806,-0.26164101087692704,4.199999999999999,-0.17800837278756407,298.15,2.0,3.0
15.076587405519472,-0.24877421984304227,4.2,-0.1822618330435638,298.15,2.0,3.0
15.09325407218614,-0.23654345536634064,4.2,-0.18630614700364198,298.15,2.0,3.0
15.109920738852805,-0.22491716068379897,4.2,-0.19015165213739316,298.15,2.0,3.0
15.126587405519473,-0.21386490656049087,4.2,-0.1938081693644289,298.15,2.0,3.0
15.143254072186139,-0.20335811683790272,4.2,-0.19728502789274885,298.15,2.0,3.0
15.159920738852806,-0.19336820759561235,4.2,-0.20059108059636147,298.15,2.0,3.0
15.176587405519472,-0.18387198225429674,4.199999999999999,-0.2037347488451107,298.15,2.0,3.0
15.19325407218614,-0.1748440295603643,4.199999999999999,-0.20672404894356622,298.15,2.0,3.0
15.209920738852805,-0.16626199562201643,4.2,-0.20956659915341938,298.15,2.0,3.0
15.226587405519473,-0.1581015349354804,4.199999999999999,-0.21226962857473186,298.15,2.0,3.0
15.243254072186138,-0.1503431726450898,4.2,-0.21484000113790327,298.15,2.0,3.0
15.259920738852806,-0.14296659568904074,4.2,-0.21728424920735437,298.15,2.0,3.0
15.276587405519471,-0.13595224750002205,4.199999999999999,-0.21960857290059657,298.15,2.0,3.0
15.293254072186139,-0.12928214733918433,4.199999999999999,-0.22181885952425662,298.15,2.0,3.0
15.309920738852806,-0.12293929718866312,4.199999999999999,-0.223920704895322,298.15,2.0,3.0
15.326587405519472,-0.1169084544603917,4.2,-0.22591943615906412,298.15,2.0,3.0
15.34325407218614,-0.11117469185244783,4.200000000000001,-0.22782012904500445,298.15,2.0,3.0
15.359920738852805,-0.10572370088764743,4.200000000000001,-0.2296276156511719,298.15,2.0,3.0
15.376587405519473,-0.10054077147144451,4.200000000000001,-0.23134648625416435,298.15,2.0,3.0
15.393254072186139,-0.09561234873995897,4.199999999999998,-0.23298109558925936,298.15,2.0,3.0
15.409920738852806,-0.0909268645830534,4.199999999999996,-0.2345355890336178,298.15,2.0,3.0
15.426587405519472,-0.08647179267590166,4.2,-0.23601391117744241,298.15,2.0,3.0
15.44325407218614,-0.08223560516755371,4.2,-0.2374198061594712,298.15,2.0,3.0
15.459920738852805,-0.07820614793556505,4.2,-0.23875682076866386,298.15,2.0,3.0
15.476587405519473,-0.0743753845045207,4.199999999999998,-0.2400283335389979,298.15,2.0,3.0
15.493254072186138,-0.07073179722658944,4.199999999999999,-0.24123756005342384,298.15,2.0,3.0
15.509920738852806,-0.06726740077756402,4.2,-0.24238755337012513,298.15,2.0,3.0
15.526587405519471,-0.06397236964565582,4.2,-0.24348121812365195,298.15,2.0,3.0
15.543254072186139,-0.0608390901966132,4.200000000000001,-0.24452131362233753,298.15,2.0,3.0
15.559920738852806,-0.05785915556224875,4.2,-0.24551046567032805,298.15,2.0,3.0
15.576587405519472,-0.05502527833718539,4.200000000000001,-0.24645116928615668,298.15,2.0,3.0
15.59325407218614,-0.05233021381257466,4.2,-0.24734579838740467,298.15,2.0,3.0
15.609920738852805,-0.04976675523757722,4.2,-0.2481966064628226,298.15,2.0,3.0
15.626587405519473,-0.04732866757780479,4.199999999999998,-0.24900573498628412,298.15,2.0,3.0
15.643254072186139,-0.04500961726431257,4.199999999999999,-0.24977522069330177,298.15,2.0,3.0
15.659920738852806,-0.04280406681402722,4.2,-0.2505070013939546,298.15,2.0,3.0
15.676587405519472,-0.04070650000841322,4.2,-0.2512029227841416,298.15,2.0,3.0
15.69325407218614,-0.03871145176474074,4.2,-0.2518647390489179,298.15,2.0,3.0
15.709920738852805,-0.03681404933007263,4.2,-0.25249411822470796,298.15,2.0,3.0
15.726587405519473,-0.03500955503136977,4.199999999999999,-0.2530926482610533,298.15,2.0,3.0
15.743254072186138,-0.033293509743901065,4.199999999999998,-0.2536618404675139,298.15,2.0,3.0
15.759920738852806,-0.03166139451991103,4.199999999999998,-0.254203131336379,298.15,2.0,3.0
15.776587405519471,-0.030109110608929866,4.199999999999998,-0.254717885545786,298.15,2.0,3.0
15.793254072186139,-0.028632703743019773,4.199999999999998,-0.2552074006653856,298.15,2.0,3.0
15.809920738852806,-0.02722842349908969,4.2,-0.25567291005906984,298.15,2.0,3.0
15.826587405519472,-0.025892861142088684,4.200000000000001,-0.25611558743107965,298.15,2.0,3.0
15.84325407218614,-0.024622672315753734,4.200000000000001,-0.256536550209895,298.15,2.0,3.0
15.859920738852805,-0.023414774257878954,4.200000000000001,-0.25693686226467527,298.15,2.0,3.0
15.876587405519473,-0.02226618795328329,4.2,-0.2573175369497683,298.15,2.0,3.0
15.893254072186139,-0.021173658808391043,4.200000000000001,-0.25767953567278223,298.15,2.0,3.0
15.909920738852806,-0.020134754613918483,4.200000000000001,-0.2580237724513015,298.15,2.0,3.0
15.926587405519472,-0.01914699310433143,4.200000000000003,-0.2583511203489536,298.15,2.0,3.0
15.94325407218614,-0.01820777651772518,4.2000000000000055,-0.25866241009580404,298.15,2.0,3.0
15.959920738852805,-0.017314405678418618,4.200000000000005,-0.2589584282807719,298.15,2.0,3.0
15.976587405519473,-0.016464901407501564,4.200000000000003,-0.2592399225064879,298.15,2.0,3.0
15.993254072186138,-0.015657191369276877,4.199999999999997,-0.2595076066129611,298.15,2.0,3.0
16.009920738852806,-0.014888997326827443,4.199999999999992,-0.2597621581854286,298.15,2.0,3.0
16.02658740551947,-0.014158258356543756,4.199999999999994,-0.26000421864945666,298.15,2.0,3.0
16.043254072186137,-0.013463235391535005,4.2,-0.26023439776402396,298.15,2.0,3.0
16.059920738852806,-0.012802184486757729,4.200000000000013,-0.26045327626300974,298.15,2.0,3.0
16.076587405519472,-0.01217336250799933,4.200000000000017,-0.2606614058212994,298.15,2.0,3.0
16.093254072186138,-0.011575227179447138,4.200000000000012,-0.26085931073536145,298.15,2.0,3.0
16.109920738852807,-0.011006330331088627,4.199999999999997,-0.26104749038128255,298.15,2.0,3.0
16.126587405519473,-0.010465291948347376,4.1999999999999655,-0.2612264205669445,298.15,2.0,3.0
16.14137733095267,-0.01001000000000003,4.199999999999999,-0.26137783458751396,298.15,2.0,3.0
16.141377330952945,0.0,4.1994715959548365,-0.26137783458751535,298.15,2.0,4.0
16.158043997619334,0.0,4.199200524263787,-0.26137783458751535,298.15,2.0,4.0
16.174710664286,0.0,4.199110635741419,-0.26137783458751535,298.15,2.0,4.0
16.191377330952665,0.0,4.199055054873253,-0.26137783458751535,298.15,2.0,4.0
16.208043997619335,0.0,4.199014748272762,-0.26137783458751535,298.15,2.0,4.0
16.224710664286,0.0,4.198984262449896,-0.26137783458751535,298.15,2.0,4.0
16.241377330952666,0.0,4.198960086060415,-0.26137783458751535,298.15,2.0,4.0
16.258043997619335,0.0,4.198940621930501,-0.26137783458751535,298.15,2.0,4.0
16.274710664286,0.0,4.198924682103942,-0.26137783458751535,298.15,2.0,4.0
16.291377330952667,0.0,4.19891135094773,-0.26137783458751535,298.15,2.0,4.0
16.308043997619333,0.0,4.19890027218963,-0.26137783458751535,298.15,2.0,4.0
16.324710664286002,0.0,4.198891088430731,-0.26137783458751535,298.15,2.0,4.0
16.341377330952668,0.0,4.198883453101294,-0.26137783458751535,298.15,2.0,4.0
16.358043997619333,0.0,4.198877130967438,-0.26137783458751535,298.15,2.0,4.0
16.374710664286,0.0,4.198871956232209,-0.26137783458751535,298.15,2.0,4.0
16.39137733095267,0.0,4.198867706332338,-0.26137783458751535,298.15,2.0,4.0
16.408043997619334,0.0,4.198864230090821,-0.26137783458751535,298.15,2.0,4.0
16.424710664286,0.0,4.198861390856306,-0.26137783458751535,298.15,2.0,4.0
16.441377330952665,0.0,4.1988589959491955,-0.26137783458751535,298.15,2.0,4.0
16.458043997619335,0.0,4.198857077407841,-0.26137783458751535,298.15,2.0,4.0
16.474710664286,0.0,4.19885552010979,-0.26137783458751535,298.15,2.0,4.0
16.491377330952666,0.0,4.198854199794999,-0.26137783458751535,298.15,2.0,4.0
16.508043997619335,0.0,4.198853194901616,-0.26137783458751535,298.15,2.0,4.0
16.524710664286,0.0,4.198852385208688,-0.26137783458751535,298.15,2.0,4.0
16.541377330952667,0.0,4.198851734125211,-0.26137783458751535,298.15,2.0,4.0
16.558043997619333,0.0,4.1988512660899255,-0.26137783458751535,298.15,2.0,4.0
16.574710664286002,0.0,4.198850917715241,-0.26137783458751535,298.15,2.0,4.0
16.591377330952668,0.0,4.198850671921389,-0.26137783458751535,298.15,2.0,4.0
16.608043997619333,0.0,4.198850525294549,-0.26137783458751535,298.15,2.0,4.0
16.624710664286,0.0,4.198850458386801,-0.26137783458751535,298.15,2.0,4.0
16.64137733095267,0.0,4.198850458321013,-0.26137783458751535,298.15,2.0,4.0
16.658043997619334,0.0,4.198850517725809,-0.26137783458751535,298.15,2.0,4.0
16.674710664286,0.0,4.198850633663008,-0.26137783458751535,298.15,2.0,4.0
16.691377330952665,0.0,4.198850784021369,-0.26137783458751535,298.15,2.0,4.0
16.708043997619335,0.0,4.198850967073964,-0.26137783458751535,298.15,2.0,4.0
16.724710664286,0.0,4.1988511765873975,-0.26137783458751535,298.15,2.0,4.0
16.741377330952666,0.0,4.198851407475583,-0.26137783458751535,298.15,2.0,4.0
16.758043997619335,0.0,4.198851655799741,-0.26137783458751535,298.15,2.0,4.0
16.774710664286,0.0,4.198851932338664,-0.26137783458751535,298.15,2.0,4.0
16.791377330952667,0.0,4.198852242659731,-0.26137783458751535,298.15,2.0,4.0
16.808043997619333,0.0,4.198852573433639,-0.26137783458751535,298.15,2.0,4.0
16.824710664286002,0.0,4.198852922276898,-0.26137783458751535,298.15,2.0,4.0
16.841377330952668,0.0,4.198853286806025,-0.26137783458751535,298.15,2.0,4.0
16.858043997619333,0.0,4.198853664637531,-0.26137783458751535,298.15,2.0,4.0
16.874710664286,0.0,4.198854046974158,-0.26137783458751535,298.15,2.0,4.0
16.89137733095267,0.0,4.198854434470191,-0.26137783458751535,298.15,2.0,4.0
16.908043997619334,0.0,4.198854824345601,-0.26137783458751535,298.15,2.0,4.0
16.924710664286,0.0,4.19885521371392,-0.26137783458751535,298.15,2.0,4.0
16.941377330952665,0.0,4.19885559968868,-0.26137783458751535,298.15,2.0,4.0
16.958043997619335,0.0,4.198855990093526,-0.26137783458751535,298.15,2.0,4.0
16.974710664286,0.0,4.198856393187144,-0.26137783458751535,298.15,2.0,4.0
16.991377330952666,0.0,4.1988567984771485,-0.26137783458751535,298.15,2.0,4.0
17.008043997619335,0.0,4.198857205118801,-0.26137783458751535,298.15,2.0,4.0
17.024710664286,0.0,4.198857612267366,-0.26137783458751535,298.15,2.0,4.0
17.041377330952667,0.0,4.198858019078103,-0.26137783458751535,298.15,2.0,4.0
17.058043997619333,0.0,4.198858424706278,-0.26137783458751535,298.15,2.0,4.0
17.074710664286002,0.0,4.1988588283071495,-0.26137783458751535,298.15,2.0,4.0
17.091377330952668,0.0,4.198859229035984,-0.26137783458751535,298.15,2.0,4.0
17.108043997619333,0.0,4.198859626048041,-0.26137783458751535,298.15,2.0,4.0
17.124710664286,0.0,4.198860018498584,-0.26137783458751535,298.15,2.0,4.0
17.14137733095267,0.0,4.19886039694824,-0.26137783458751535,298.15,2.0,4.0
